** Drc report for /home/user/PCB/hardware/main-controller/kicad/agrinode_mc.kicad_pcb **
** Created on 2026-09-27 04:44:18 **

** Found 166 DRC violations **
[silk_overlap]: Silkscreen overlap
    Rule: board setup constraints silk; Severity: warning
    @(134.6750 mm, 205.8750 mm): PCB Text 'DI7' on F.Silkscreen
    @(134.6750 mm, 206.2750 mm): Reference 'J18'
[silk_overlap]: Silkscreen overlap
    Rule: board setup constraints silk; Severity: warning
    @(165.5900 mm, 184.5000 mm): Reference 'D24'
    @(-1.1625 mm, -1.5100 mm): Polygon on F.Silkscreen
[silk_overlap]: Silkscreen overlap
    Rule: board setup constraints silk; Severity: warning
    @(122.3900 mm, 182.6850 mm): Line on F.Silkscreen
    @(122.7550 mm, 183.1750 mm): Reference 'R71'
[silk_overlap]: Silkscreen overlap
    Rule: board setup constraints silk; Severity: warning
    @(124.7750 mm, 182.6850 mm): Line on F.Silkscreen
    @(122.7550 mm, 183.1750 mm): Reference 'R71'
[silk_overlap]: Silkscreen overlap
    Rule: board setup constraints silk; Severity: warning
    @(124.7750 mm, 182.6850 mm): Line on F.Silkscreen
    @(127.5650 mm, 183.1750 mm): Reference 'R66'
[silk_overlap]: Silkscreen overlap
    Rule: board setup constraints silk; Severity: warning
    @(121.9550 mm, 186.4650 mm): Reference 'C56'
    @(122.0279 mm, 185.9050 mm): Line on F.Silkscreen
[silk_overlap]: Silkscreen overlap
    Rule: board setup constraints silk; Severity: warning
    @(165.5900 mm, 171.5000 mm): Reference 'D20'
    @(-1.1625 mm, -1.5100 mm): Polygon on F.Silkscreen
[silk_overlap]: Silkscreen overlap
    Rule: board setup constraints silk; Severity: warning
    @(76.0000 mm, 165.0000 mm): Line on F.Silkscreen
    @(76.4550 mm, 184.0250 mm): Reference 'U24'
[silk_overlap]: Silkscreen overlap
    Rule: board setup constraints silk; Severity: warning
    @(76.0000 mm, 165.0000 mm): Line on F.Silkscreen
    @(76.4550 mm, 183.1850 mm): Line on F.Silkscreen
[silk_overlap]: Silkscreen overlap
    Rule: board setup constraints silk; Severity: warning
    @(76.0000 mm, 165.0000 mm): Line on F.Silkscreen
    @(76.4550 mm, 170.1650 mm): Line on F.Silkscreen
[silk_overlap]: Silkscreen overlap
    Rule: board setup constraints silk; Severity: warning
    @(84.7677 mm, 167.2775 mm): Line on F.Silkscreen
    @(85.2250 mm, 167.8350 mm): Reference 'C71'
[silk_overlap]: Silkscreen overlap
    Rule: board setup constraints silk; Severity: warning
    @(53.7250 mm, 179.1450 mm): Reference 'J27'
    @(54.1250 mm, 179.1450 mm): PCB Text 'B' on F.Silkscreen
[silk_overlap]: Silkscreen overlap
    Rule: board setup constraints silk; Severity: warning
    @(56.5050 mm, 175.4750 mm): Reference 'R111'
    @(56.4779 mm, 174.9100 mm): Line on F.Silkscreen
[silk_overlap]: Silkscreen overlap
    Rule: board setup constraints silk; Severity: warning
    @(61.5950 mm, 165.5000 mm): Reference 'D35'
    @(40.0000 mm, 165.0000 mm): Line on F.Silkscreen
[silk_overlap]: Silkscreen overlap
    Rule: board setup constraints silk; Severity: warning
    @(66.2650 mm, 165.3250 mm): Reference 'C74'
    @(40.0000 mm, 165.0000 mm): Line on F.Silkscreen
[silk_overlap]: Silkscreen overlap
    Rule: board setup constraints silk; Severity: warning
    @(40.0000 mm, 165.0000 mm): Line on F.Silkscreen
    @(43.7150 mm, 142.4150 mm): Line on F.Silkscreen
[silk_overlap]: Silkscreen overlap
    Rule: board setup constraints silk; Severity: warning
    @(40.0000 mm, 165.0000 mm): Line on F.Silkscreen
    @(52.6350 mm, 164.9550 mm): Line on F.Silkscreen
[silk_overlap]: Silkscreen overlap
    Rule: board setup constraints silk; Severity: warning
    @(40.0000 mm, 165.0000 mm): Line on F.Silkscreen
    @(43.7150 mm, 164.9550 mm): Line on F.Silkscreen
[silk_overlap]: Silkscreen overlap
    Rule: board setup constraints silk; Severity: warning
    @(40.0000 mm, 165.0000 mm): Line on F.Silkscreen
    @(40.4150 mm, 164.9550 mm): Line on F.Silkscreen
[silk_overlap]: Silkscreen overlap
    Rule: board setup constraints silk; Severity: warning
    @(40.0000 mm, 165.0000 mm): Line on F.Silkscreen
    @(40.4150 mm, 142.4150 mm): Line on F.Silkscreen
[silk_overlap]: Silkscreen overlap
    Rule: board setup constraints silk; Severity: warning
    @(40.0000 mm, 165.0000 mm): Line on F.Silkscreen
    @(41.9150 mm, 164.9550 mm): Line on F.Silkscreen
[silk_overlap]: Silkscreen overlap
    Rule: board setup constraints silk; Severity: warning
    @(40.0000 mm, 165.0000 mm): Line on F.Silkscreen
    @(56.8250 mm, 165.4950 mm): Reference 'JP7'
[silk_overlap]: Silkscreen overlap
    Rule: board setup constraints silk; Severity: warning
    @(61.5950 mm, 165.5000 mm): Reference 'D35'
    @(-1.1625 mm, -1.5100 mm): Polygon on F.Silkscreen
[silk_overlap]: Silkscreen overlap
    Rule: board setup constraints silk; Severity: warning
    @(85.0050 mm, 173.3550 mm): Reference 'C73'
    @(84.8644 mm, 172.7850 mm): Line on F.Silkscreen
[silk_overlap]: Silkscreen overlap
    Rule: board setup constraints silk; Severity: warning
    @(91.5050 mm, 186.4650 mm): Reference 'C52'
    @(91.5779 mm, 185.9050 mm): Line on F.Silkscreen
[silk_overlap]: Silkscreen overlap
    Rule: board setup constraints silk; Severity: warning
    @(94.3250 mm, 182.6850 mm): Line on F.Silkscreen
    @(92.3050 mm, 183.1750 mm): Reference 'R63'
[silk_overlap]: Silkscreen overlap
    Rule: board setup constraints silk; Severity: warning
    @(84.9637 mm, 170.2500 mm): Line on F.Silkscreen
    @(85.0050 mm, 170.8450 mm): Reference 'C72'
[silk_overlap]: Silkscreen overlap
    Rule: board setup constraints silk; Severity: warning
    @(104.2250 mm, 205.8750 mm): PCB Text 'DI3' on F.Silkscreen
    @(104.2250 mm, 206.2750 mm): Reference 'J17'
[silk_overlap]: Silkscreen overlap
    Rule: board setup constraints silk; Severity: warning
    @(170.0000 mm, 217.5000 mm): PCB Text 'AgriNode MC-1  rev A' on F.Silkscreen
    @(155.9650 mm, 219.5850 mm): Line on F.Silkscreen
[silk_overlap]: Silkscreen overlap
    Rule: board setup constraints silk; Severity: warning
    @(170.0000 mm, 217.5000 mm): PCB Text 'AgriNode MC-1  rev A' on F.Silkscreen
    @(173.8550 mm, 218.0850 mm): Line on F.Silkscreen
[silk_overlap]: Silkscreen overlap
    Rule: board setup constraints silk; Severity: warning
    @(170.0000 mm, 217.5000 mm): PCB Text 'AgriNode MC-1  rev A' on F.Silkscreen
    @(151.3150 mm, 216.2850 mm): Line on F.Silkscreen
[silk_overlap]: Silkscreen overlap
    Rule: board setup constraints silk; Severity: warning
    @(170.0000 mm, 217.5000 mm): PCB Text 'AgriNode MC-1  rev A' on F.Silkscreen
    @(159.2950 mm, 218.0850 mm): Line on F.Silkscreen
[silk_overlap]: Silkscreen overlap
    Rule: board setup constraints silk; Severity: warning
    @(170.0000 mm, 217.5000 mm): PCB Text 'AgriNode MC-1  rev A' on F.Silkscreen
    @(160.7950 mm, 218.0850 mm): Line on F.Silkscreen
[silk_overlap]: Silkscreen overlap
    Rule: board setup constraints silk; Severity: warning
    @(170.0000 mm, 217.5000 mm): PCB Text 'AgriNode MC-1  rev A' on F.Silkscreen
    @(165.8750 mm, 218.0850 mm): Line on F.Silkscreen
[silk_overlap]: Silkscreen overlap
    Rule: board setup constraints silk; Severity: warning
    @(170.0000 mm, 217.5000 mm): PCB Text 'AgriNode MC-1  rev A' on F.Silkscreen
    @(169.4550 mm, 218.0850 mm): Line on F.Silkscreen
[silk_overlap]: Silkscreen overlap
    Rule: board setup constraints silk; Severity: warning
    @(170.0000 mm, 217.5000 mm): PCB Text 'AgriNode MC-1  rev A' on F.Silkscreen
    @(170.9550 mm, 218.0850 mm): Line on F.Silkscreen
[silk_overlap]: Silkscreen overlap
    Rule: board setup constraints silk; Severity: warning
    @(154.2150 mm, 218.0850 mm): Line on F.Silkscreen
    @(170.0000 mm, 217.5000 mm): PCB Text 'AgriNode MC-1  rev A' on F.Silkscreen
[silk_overlap]: Silkscreen overlap
    Rule: board setup constraints silk; Severity: warning
    @(155.7150 mm, 218.0850 mm): Line on F.Silkscreen
    @(170.0000 mm, 217.5000 mm): PCB Text 'AgriNode MC-1  rev A' on F.Silkscreen
[silk_overlap]: Silkscreen overlap
    Rule: board setup constraints silk; Severity: warning
    @(170.0000 mm, 217.5000 mm): PCB Text 'AgriNode MC-1  rev A' on F.Silkscreen
    @(171.2050 mm, 219.5850 mm): Line on F.Silkscreen
[silk_overlap]: Silkscreen overlap
    Rule: board setup constraints silk; Severity: warning
    @(170.0000 mm, 217.5000 mm): PCB Text 'AgriNode MC-1  rev A' on F.Silkscreen
    @(173.8550 mm, 219.5850 mm): Line on F.Silkscreen
[silk_overlap]: Silkscreen overlap
    Rule: board setup constraints silk; Severity: warning
    @(170.0000 mm, 217.5000 mm): PCB Text 'AgriNode MC-1  rev A' on F.Silkscreen
    @(173.8550 mm, 216.2850 mm): Line on F.Silkscreen
[silk_overlap]: Silkscreen overlap
    Rule: board setup constraints silk; Severity: warning
    @(170.0000 mm, 217.5000 mm): PCB Text 'AgriNode MC-1  rev A' on F.Silkscreen
    @(199.2250 mm, 218.0850 mm): Line on F.Silkscreen
[silk_overlap]: Silkscreen overlap
    Rule: board setup constraints silk; Severity: warning
    @(170.0000 mm, 217.5000 mm): PCB Text 'AgriNode MC-1  rev A' on F.Silkscreen
    @(181.0850 mm, 218.0850 mm): Line on F.Silkscreen
[silk_overlap]: Silkscreen overlap
    Rule: board setup constraints silk; Severity: warning
    @(170.0000 mm, 217.5000 mm): PCB Text 'AgriNode MC-1  rev A' on F.Silkscreen
    @(181.3350 mm, 219.5850 mm): Line on F.Silkscreen
[silk_overlap]: Silkscreen overlap
    Rule: board setup constraints silk; Severity: warning
    @(170.0000 mm, 217.5000 mm): PCB Text 'AgriNode MC-1  rev A' on F.Silkscreen
    @(176.6850 mm, 216.2850 mm): Line on F.Silkscreen
[silk_overlap]: Silkscreen overlap
    Rule: board setup constraints silk; Severity: warning
    @(170.0000 mm, 217.5000 mm): PCB Text 'AgriNode MC-1  rev A' on F.Silkscreen
    @(186.1650 mm, 218.0850 mm): Line on F.Silkscreen
[silk_overlap]: Silkscreen overlap
    Rule: board setup constraints silk; Severity: warning
    @(97.1150 mm, 183.1750 mm): Reference 'R58'
    @(94.3250 mm, 182.6850 mm): Line on F.Silkscreen
[silk_overlap]: Silkscreen overlap
    Rule: board setup constraints silk; Severity: warning
    @(189.9600 mm, 171.5000 mm): Reference 'D22'
    @(-1.1625 mm, -1.5100 mm): Polygon on F.Silkscreen
[silk_overlap]: Silkscreen overlap
    Rule: board setup constraints silk; Severity: warning
    @(189.9600 mm, 184.5000 mm): Reference 'D26'
    @(-1.1625 mm, -1.5100 mm): Polygon on F.Silkscreen
[silk_overlap]: Silkscreen overlap
    Rule: board setup constraints silk; Severity: warning
    @(203.1450 mm, 180.1750 mm): Reference 'R90'
    @(202.9077 mm, 179.6175 mm): Line on F.Silkscreen
[silk_overlap]: Silkscreen overlap
    Rule: board setup constraints silk; Severity: warning
    @(203.1450 mm, 177.6650 mm): Reference 'R86'
    @(203.1037 mm, 177.0700 mm): Line on F.Silkscreen
[silk_overlap]: Silkscreen overlap
    Rule: board setup constraints silk; Severity: warning
    @(203.3650 mm, 174.6550 mm): Reference 'C64'
    @(201.7000 mm, 174.0050 mm): Line on F.Silkscreen
[silk_overlap]: Silkscreen overlap
    Rule: board setup constraints silk; Severity: warning
    @(133.5050 mm, 143.9500 mm): Reference 'C26'
    @(134.0750 mm, 143.4600 mm): Line on F.Silkscreen
[silk_overlap]: Silkscreen overlap
    Rule: board setup constraints silk; Severity: warning
    @(133.5050 mm, 143.9500 mm): Reference 'C26'
    @(134.0750 mm, 143.4600 mm): Line on F.Silkscreen
[silk_overlap]: Silkscreen overlap
    Rule: board setup constraints silk; Severity: warning
    @(151.5050 mm, 155.7750 mm): Reference 'C47'
    @(151.8150 mm, 154.2206 mm): Line on F.Silkscreen
[silk_overlap]: Silkscreen overlap
    Rule: board setup constraints silk; Severity: warning
    @(151.5050 mm, 155.7750 mm): Reference 'C47'
    @(152.8794 mm, 155.2850 mm): Line on F.Silkscreen
[silk_overlap]: Silkscreen overlap
    Rule: board setup constraints silk; Severity: warning
    @(155.5150 mm, 155.7750 mm): Reference 'R47'
    @(152.8794 mm, 155.2850 mm): Line on F.Silkscreen
[silk_overlap]: Silkscreen overlap
    Rule: board setup constraints silk; Severity: warning
    @(159.5250 mm, 155.7750 mm): Reference 'R48'
    @(152.8794 mm, 155.2850 mm): Line on F.Silkscreen
[silk_overlap]: Silkscreen overlap
    Rule: board setup constraints silk; Severity: warning
    @(159.5250 mm, 155.7750 mm): Reference 'R48'
    @(160.5350 mm, 155.2850 mm): Line on F.Silkscreen
[silk_overlap]: Silkscreen overlap
    Rule: board setup constraints silk; Severity: warning
    @(171.9550 mm, 139.8850 mm): Line on F.Silkscreen
    @(174.7700 mm, 140.3200 mm): Reference 'J7'
[silk_overlap]: Silkscreen overlap
    Rule: board setup constraints silk; Severity: warning
    @(185.5050 mm, 143.3350 mm): Reference 'R42'
    @(185.4637 mm, 142.7400 mm): Line on F.Silkscreen
[silk_overlap]: Silkscreen overlap
    Rule: board setup constraints silk; Severity: warning
    @(101.5050 mm, 145.8750 mm): Reference 'R11'
    @(100.2750 mm, 145.3250 mm): Line on F.Silkscreen
[silk_overlap]: Silkscreen overlap
    Rule: board setup constraints silk; Severity: warning
    @(107.9750 mm, 125.3750 mm): Reference 'C14'
    @(113.1250 mm, 124.9250 mm): Line on F.Silkscreen
[silk_overlap]: Silkscreen overlap
    Rule: board setup constraints silk; Severity: warning
    @(105.5150 mm, 145.8750 mm): Reference 'C17'
    @(100.2750 mm, 145.3250 mm): Line on F.Silkscreen
[silk_overlap]: Silkscreen overlap
    Rule: board setup constraints silk; Severity: warning
    @(101.6137 mm, 129.0350 mm): Line on F.Silkscreen
    @(101.5050 mm, 129.6250 mm): Reference 'C12'
[silk_overlap]: Silkscreen overlap
    Rule: board setup constraints silk; Severity: warning
    @(102.3250 mm, 125.3750 mm): Reference 'C13'
    @(101.6250 mm, 124.2250 mm): Arc on F.Silkscreen
[silk_overlap]: Silkscreen overlap
    Rule: board setup constraints silk; Severity: warning
    @(102.3250 mm, 125.3750 mm): Reference 'C13'
    @(113.1250 mm, 124.9250 mm): Line on F.Silkscreen
[silk_overlap]: Silkscreen overlap
    Rule: board setup constraints silk; Severity: warning
    @(185.5050 mm, 148.3550 mm): Reference 'R44'
    @(185.2677 mm, 147.7975 mm): Line on F.Silkscreen
[silk_overlap]: Silkscreen overlap
    Rule: board setup constraints silk; Severity: warning
    @(185.2677 mm, 150.3075 mm): Line on F.Silkscreen
    @(185.5050 mm, 150.8650 mm): Reference 'R45'
[silk_overlap]: Silkscreen overlap
    Rule: board setup constraints silk; Severity: warning
    @(185.2677 mm, 145.2875 mm): Line on F.Silkscreen
    @(185.5050 mm, 145.8450 mm): Reference 'R43'
[silk_overlap]: Silkscreen overlap
    Rule: board setup constraints silk; Severity: warning
    @(185.2677 mm, 152.8175 mm): Line on F.Silkscreen
    @(185.5050 mm, 153.3750 mm): Reference 'R46'
[silk_overlap]: Silkscreen overlap
    Rule: board setup constraints silk; Severity: warning
    @(185.2677 mm, 155.3275 mm): Line on F.Silkscreen
    @(185.5050 mm, 155.8850 mm): Reference 'C45'
[silk_overlap]: Silkscreen overlap
    Rule: board setup constraints silk; Severity: warning
    @(265.8750 mm, 197.1450 mm): PCB Text 'DQ' on F.Silkscreen
    @(266.2750 mm, 197.1450 mm): Reference 'J24'
[silk_overlap]: Silkscreen overlap
    Rule: board setup constraints silk; Severity: warning
    @(251.3650 mm, 205.8750 mm): PCB Text 'Q3' on F.Silkscreen
    @(251.3650 mm, 206.2750 mm): Reference 'J23'
[silk_overlap]: Silkscreen overlap
    Rule: board setup constraints silk; Severity: warning
    @(238.5350 mm, 189.3300 mm): Reference 'D32'
    @(244.4900 mm, 188.9800 mm): Line on F.Silkscreen
[silk_overlap]: Silkscreen overlap
    Rule: board setup constraints silk; Severity: warning
    @(235.0250 mm, 193.4800 mm): Line on F.Silkscreen
    @(241.6200 mm, 193.9300 mm): Reference 'C69'
[silk_overlap]: Silkscreen overlap
    Rule: board setup constraints silk; Severity: warning
    @(235.0250 mm, 193.4800 mm): Line on F.Silkscreen
    @(237.0400 mm, 194.1050 mm): Reference 'U21'
[silk_overlap]: Silkscreen overlap
    Rule: board setup constraints silk; Severity: warning
    @(236.4700 mm, 176.5550 mm): Reference 'R94'
    @(237.0400 mm, 176.0650 mm): Line on F.Silkscreen
[silk_overlap]: Silkscreen overlap
    Rule: board setup constraints silk; Severity: warning
    @(251.5050 mm, 188.2750 mm): Reference 'R104'
    @(251.4464 mm, 187.6850 mm): Line on F.Silkscreen
[silk_overlap]: Silkscreen overlap
    Rule: board setup constraints silk; Severity: warning
    @(236.4700 mm, 176.5550 mm): Reference 'R94'
    @(237.0400 mm, 176.0650 mm): Line on F.Silkscreen
[silk_overlap]: Silkscreen overlap
    Rule: board setup constraints silk; Severity: warning
    @(244.4900 mm, 166.9800 mm): Line on F.Silkscreen
    @(238.5350 mm, 167.3300 mm): Reference 'D30'
[silk_overlap]: Silkscreen overlap
    Rule: board setup constraints silk; Severity: warning
    @(210.7850 mm, 206.2750 mm): Reference 'J21'
    @(210.7850 mm, 205.8750 mm): PCB Text 'AO2' on F.Silkscreen
[silk_overlap]: Silkscreen overlap
    Rule: board setup constraints silk; Severity: warning
    @(223.4350 mm, 198.5550 mm): Reference 'R97'
    @(224.0050 mm, 198.0650 mm): Line on F.Silkscreen
[silk_overlap]: Silkscreen overlap
    Rule: board setup constraints silk; Severity: warning
    @(223.4350 mm, 198.5550 mm): Reference 'R97'
    @(224.0050 mm, 198.0650 mm): Line on F.Silkscreen
[silk_overlap]: Silkscreen overlap
    Rule: board setup constraints silk; Severity: warning
    @(231.0750 mm, 205.8750 mm): PCB Text 'Q1' on F.Silkscreen
    @(231.0750 mm, 206.2750 mm): Reference 'J22'
[silk_overlap]: Silkscreen overlap
    Rule: board setup constraints silk; Severity: warning
    @(236.4700 mm, 198.5550 mm): Reference 'R100'
    @(237.0400 mm, 198.0650 mm): Line on F.Silkscreen
[silk_overlap]: Silkscreen overlap
    Rule: board setup constraints silk; Severity: warning
    @(236.4700 mm, 198.5550 mm): Reference 'R100'
    @(237.0400 mm, 198.0650 mm): Line on F.Silkscreen
[silk_overlap]: Silkscreen overlap
    Rule: board setup constraints silk; Severity: warning
    @(237.0400 mm, 194.1050 mm): Reference 'U21'
    @(-1.3000 mm, -1.5100 mm): Polygon on F.Silkscreen
[silk_overlap]: Silkscreen overlap
    Rule: board setup constraints silk; Severity: warning
    @(228.5850 mm, 193.9300 mm): Reference 'C68'
    @(221.9900 mm, 193.4800 mm): Line on F.Silkscreen
[silk_overlap]: Silkscreen overlap
    Rule: board setup constraints silk; Severity: warning
    @(225.5000 mm, 189.3300 mm): Reference 'D31'
    @(231.4550 mm, 188.9800 mm): Line on F.Silkscreen
[silk_overlap]: Silkscreen overlap
    Rule: board setup constraints silk; Severity: warning
    @(221.9900 mm, 193.4800 mm): Line on F.Silkscreen
    @(224.0050 mm, 194.1050 mm): Reference 'U20'
[silk_overlap]: Silkscreen overlap
    Rule: board setup constraints silk; Severity: warning
    @(224.0050 mm, 194.1050 mm): Reference 'U20'
    @(-1.3000 mm, -1.5100 mm): Polygon on F.Silkscreen
[silk_overlap]: Silkscreen overlap
    Rule: board setup constraints silk; Severity: warning
    @(199.3100 mm, 150.7250 mm): Reference 'D10'
    @(198.2750 mm, 144.2750 mm): Circle on F.Silkscreen
[silk_overlap]: Silkscreen overlap
    Rule: board setup constraints silk; Severity: warning
    @(252.0750 mm, 159.5000 mm): Reference 'U22'
    @(-1.3000 mm, -1.5100 mm): Polygon on F.Silkscreen
[silk_overlap]: Silkscreen overlap
    Rule: board setup constraints silk; Severity: warning
    @(231.4550 mm, 166.9800 mm): Line on F.Silkscreen
    @(225.5000 mm, 167.3300 mm): Reference 'D29'
[silk_overlap]: Silkscreen overlap
    Rule: board setup constraints silk; Severity: warning
    @(215.6150 mm, 174.6550 mm): Reference 'R85'
    @(211.2350 mm, 174.1300 mm): Line on F.Silkscreen
[silk_overlap]: Silkscreen overlap
    Rule: board setup constraints silk; Severity: warning
    @(215.6150 mm, 174.6550 mm): Reference 'R85'
    @(214.5850 mm, 174.1300 mm): Line on F.Silkscreen
[silk_overlap]: Silkscreen overlap
    Rule: board setup constraints silk; Severity: warning
    @(211.6050 mm, 174.6550 mm): Reference 'C65'
    @(211.2350 mm, 174.1300 mm): Line on F.Silkscreen
[silk_overlap]: Silkscreen overlap
    Rule: board setup constraints silk; Severity: warning
    @(223.4350 mm, 176.5550 mm): Reference 'R91'
    @(224.0050 mm, 176.0650 mm): Line on F.Silkscreen
[silk_overlap]: Silkscreen overlap
    Rule: board setup constraints silk; Severity: warning
    @(223.4350 mm, 176.5550 mm): Reference 'R91'
    @(224.0050 mm, 176.0650 mm): Line on F.Silkscreen
[silk_overlap]: Silkscreen overlap
    Rule: board setup constraints silk; Severity: warning
    @(224.0050 mm, 172.1050 mm): Reference 'U18'
    @(221.9900 mm, 171.4800 mm): Line on F.Silkscreen
[silk_overlap]: Silkscreen overlap
    Rule: board setup constraints silk; Severity: warning
    @(224.0050 mm, 172.1050 mm): Reference 'U18'
    @(-1.3000 mm, -1.5100 mm): Polygon on F.Silkscreen
[silk_overlap]: Silkscreen overlap
    Rule: board setup constraints silk; Severity: warning
    @(228.5850 mm, 171.9300 mm): Reference 'C66'
    @(221.9900 mm, 171.4800 mm): Line on F.Silkscreen
[silk_overlap]: Silkscreen overlap
    Rule: board setup constraints silk; Severity: warning
    @(241.6200 mm, 171.9300 mm): Reference 'C67'
    @(235.0250 mm, 171.4800 mm): Line on F.Silkscreen
[silk_overlap]: Silkscreen overlap
    Rule: board setup constraints silk; Severity: warning
    @(237.0400 mm, 172.1050 mm): Reference 'U19'
    @(235.0250 mm, 171.4800 mm): Line on F.Silkscreen
[silk_overlap]: Silkscreen overlap
    Rule: board setup constraints silk; Severity: warning
    @(237.0400 mm, 172.1050 mm): Reference 'U19'
    @(-1.3000 mm, -1.5100 mm): Polygon on F.Silkscreen
[silk_overlap]: Silkscreen overlap
    Rule: board setup constraints silk; Severity: warning
    @(205.2100 mm, 169.8550 mm): Reference 'D28'
    @(205.3650 mm, 169.4150 mm): Line on F.Silkscreen
[silk_overlap]: Silkscreen overlap
    Rule: board setup constraints silk; Severity: warning
    @(205.2100 mm, 169.8550 mm): Reference 'D28'
    @(205.3650 mm, 169.4150 mm): Line on F.Silkscreen
[silk_overlap]: Silkscreen overlap
    Rule: board setup constraints silk; Severity: warning
    @(201.7000 mm, 174.0050 mm): Line on F.Silkscreen
    @(207.5950 mm, 174.6550 mm): Reference 'C63'
[silk_overlap]: Silkscreen overlap
    Rule: board setup constraints silk; Severity: warning
    @(54.1250 mm, 146.0650 mm): PCB Text '24V' on F.Silkscreen
    @(53.4350 mm, 145.7650 mm): Line on F.Silkscreen
[silk_overlap]: Silkscreen overlap
    Rule: board setup constraints silk; Severity: warning
    @(113.1250 mm, 124.2250 mm): Arc on F.Silkscreen
    @(113.0250 mm, 125.3750 mm): Reference 'C9'
[silk_overlap]: Silkscreen overlap
    Rule: board setup constraints silk; Severity: warning
    @(59.6250 mm, 104.3750 mm): Reference 'F1'
    @(57.6144 mm, 103.8850 mm): Line on F.Silkscreen
[silk_overlap]: Silkscreen overlap
    Rule: board setup constraints silk; Severity: warning
    @(113.0250 mm, 125.3750 mm): Reference 'C9'
    @(113.1250 mm, 124.9250 mm): Line on F.Silkscreen
[silk_overlap]: Silkscreen overlap
    Rule: board setup constraints silk; Severity: warning
    @(165.1450 mm, 54.1250 mm): PCB Text 'C' on F.Silkscreen
    @(165.1450 mm, 53.7250 mm): Reference 'J13'
[silk_overlap]: Silkscreen overlap
    Rule: board setup constraints silk; Severity: warning
    @(140.1450 mm, 53.7250 mm): Reference 'J12'
    @(140.1450 mm, 54.1250 mm): PCB Text 'C' on F.Silkscreen
[silk_overlap]: Silkscreen overlap
    Rule: board setup constraints silk; Severity: warning
    @(190.1450 mm, 54.1250 mm): PCB Text 'C' on F.Silkscreen
    @(190.1450 mm, 53.7250 mm): Reference 'J14'
[silk_overlap]: Silkscreen overlap
    Rule: board setup constraints silk; Severity: warning
    @(215.1450 mm, 54.1250 mm): PCB Text 'C' on F.Silkscreen
    @(215.1450 mm, 53.7250 mm): Reference 'J15'
[silk_overlap]: Silkscreen overlap
    Rule: board setup constraints silk; Severity: warning
    @(115.1450 mm, 54.1250 mm): PCB Text 'C' on F.Silkscreen
    @(115.1450 mm, 53.7250 mm): Reference 'J11'
[silk_overlap]: Silkscreen overlap
    Rule: board setup constraints silk; Severity: warning
    @(240.1450 mm, 54.1250 mm): PCB Text 'C' on F.Silkscreen
    @(240.1450 mm, 53.7250 mm): Reference 'J16'
[silk_overlap]: Silkscreen overlap
    Rule: board setup constraints silk; Severity: warning
    @(90.1450 mm, 53.7250 mm): Reference 'J10'
    @(90.1450 mm, 54.1250 mm): PCB Text 'C' on F.Silkscreen
[silk_overlap]: Silkscreen overlap
    Rule: board setup constraints silk; Severity: warning
    @(70.0450 mm, 140.5000 mm): Reference 'D34'
    @(-1.1625 mm, -1.5100 mm): Polygon on F.Silkscreen
[silk_overlap]: Silkscreen overlap
    Rule: board setup constraints silk; Severity: warning
    @(65.1450 mm, 53.7250 mm): Reference 'J9'
    @(65.1450 mm, 54.1250 mm): PCB Text 'C' on F.Silkscreen
[silk_overlap]: Silkscreen overlap
    Rule: board setup constraints silk; Severity: warning
    @(243.9850 mm, 97.1750 mm): Reference 'R16'
    @(238.9950 mm, 96.6550 mm): Line on F.Silkscreen
[silk_overlap]: Silkscreen overlap
    Rule: board setup constraints silk; Severity: warning
    @(163.4750 mm, 103.2731 mm): Arc on F.Silkscreen
    @(163.9650 mm, 113.8712 mm): Reference 'C27'
[silk_overlap]: Silkscreen overlap
    Rule: board setup constraints silk; Severity: warning
    @(231.9550 mm, 97.1750 mm): Reference 'C23'
    @(227.8450 mm, 96.6550 mm): Line on F.Silkscreen
[silk_overlap]: Silkscreen overlap
    Rule: board setup constraints silk; Severity: warning
    @(238.9950 mm, 96.6550 mm): Line on F.Silkscreen
    @(239.9750 mm, 97.1750 mm): Reference 'C24'
[silk_overlap]: Silkscreen overlap
    Rule: board setup constraints silk; Severity: warning
    @(238.9950 mm, 96.6550 mm): Line on F.Silkscreen
    @(239.9750 mm, 97.1750 mm): Reference 'C24'
[silk_overlap]: Silkscreen overlap
    Rule: board setup constraints silk; Severity: warning
    @(227.8450 mm, 96.6550 mm): Line on F.Silkscreen
    @(227.7250 mm, 97.1750 mm): Reference 'C22'
[silk_overlap]: Silkscreen overlap
    Rule: board setup constraints silk; Severity: warning
    @(227.8450 mm, 96.6550 mm): Line on F.Silkscreen
    @(227.7250 mm, 97.1750 mm): Reference 'C22'
[silk_overlap]: Silkscreen overlap
    Rule: board setup constraints silk; Severity: warning
    @(227.5050 mm, 100.1850 mm): Reference 'R18'
    @(227.4637 mm, 99.5900 mm): Line on F.Silkscreen
[silk_over_copper]: Silkscreen clipped by solder mask
    Local override; Severity: warning
    @(203.1450 mm, 180.1750 mm): Reference 'R90'
[silk_over_copper]: Silkscreen clipped by solder mask
    Local override; Severity: warning
    @(185.5050 mm, 145.8450 mm): Reference 'R43'
[silk_over_copper]: Silkscreen clipped by solder mask
    Local override; Severity: warning
    @(185.5050 mm, 155.8850 mm): Reference 'C45'
[silk_over_copper]: Silkscreen clipped by solder mask
    Local override; Severity: warning
    @(85.0050 mm, 173.3550 mm): Reference 'C73'
[silk_over_copper]: Silkscreen clipped by solder mask
    Local override; Severity: warning
    @(185.5050 mm, 148.3550 mm): Reference 'R44'
[silk_over_copper]: Silkscreen clipped by solder mask
    Local override; Severity: warning
    @(197.5150 mm, 127.6750 mm): Reference 'C38'
[silk_over_copper]: Silkscreen clipped by solder mask
    Local override; Severity: warning
    @(203.1450 mm, 177.6650 mm): Reference 'R86'
[silk_over_copper]: Silkscreen clipped by solder mask
    Local override; Severity: warning
    @(56.5050 mm, 175.4750 mm): Reference 'R111'
[silk_over_copper]: Silkscreen clipped by solder mask
    Local override; Severity: warning
    @(193.5050 mm, 127.6750 mm): Reference 'C37'
[silk_over_copper]: Silkscreen clipped by solder mask
    Local override; Severity: warning
    @(91.5050 mm, 186.4650 mm): Reference 'C52'
[silk_over_copper]: Silkscreen clipped by solder mask
    Local override; Severity: warning
    @(251.5050 mm, 188.2750 mm): Reference 'R104'
[silk_over_copper]: Silkscreen clipped by solder mask
    Local override; Severity: warning
    @(101.5050 mm, 129.6250 mm): Reference 'C12'
[silk_over_copper]: Silkscreen clipped by solder mask
    Local override; Severity: warning
    @(185.5050 mm, 150.8650 mm): Reference 'R45'
[silk_over_copper]: Silkscreen clipped by solder mask
    Local override; Severity: warning
    @(105.5150 mm, 129.6250 mm): Reference 'C15'
[silk_over_copper]: Silkscreen clipped by solder mask
    Local override; Severity: warning
    @(85.2250 mm, 167.8350 mm): Reference 'C71'
[silk_over_copper]: Silkscreen clipped by solder mask
    Local override; Severity: warning
    @(121.9550 mm, 186.4650 mm): Reference 'C56'
[silk_over_copper]: Silkscreen clipped by solder mask
    Local override; Severity: warning
    @(185.5050 mm, 153.3750 mm): Reference 'R46'
[silk_over_copper]: Silkscreen clipped by solder mask
    Local override; Severity: warning
    @(185.5050 mm, 143.3350 mm): Reference 'R42'
[silk_over_copper]: Silkscreen clipped by solder mask
    Local override; Severity: warning
    @(227.5050 mm, 100.1850 mm): Reference 'R18'
[silk_over_copper]: Silkscreen clipped by solder mask
    Local override; Severity: warning
    @(85.0050 mm, 170.8450 mm): Reference 'C72'
[starved_thermal]: Thermal relief connection to zone incomplete (zone min spoke count 2; actual 1)
    Local override; Severity: error
    @(40.0000 mm, 83.0000 mm): Zone [+3V3] on In2.Cu
    @(154.3650 mm, 138.5250 mm): PTH pad 11 [+3V3] of J8
[starved_thermal]: Thermal relief connection to zone incomplete (zone min spoke count 2; actual 1)
    Local override; Severity: error
    @(40.0000 mm, 83.0000 mm): Zone [GND] on In1.Cu
    @(129.8200 mm, 115.5900 mm): PTH pad 9 [GND] of U1
[starved_thermal]: Thermal relief connection to zone incomplete (zone min spoke count 2; actual 1)
    Local override; Severity: error
    @(40.0000 mm, 83.0000 mm): Zone [GND] on In1.Cu
    @(129.8200 mm, 116.6900 mm): PTH pad 9 [GND] of U1
[starved_thermal]: Thermal relief connection to zone incomplete (zone min spoke count 2; actual 1)
    Local override; Severity: error
    @(40.0000 mm, 83.0000 mm): Zone [GND] on In1.Cu
    @(151.8250 mm, 138.5250 mm): PTH pad 12 [GND] of J8
[silk_edge_clearance]: Silkscreen clipped by board edge
    Rule: board setup constraints silk; Severity: warning
    @(40.0000 mm, 217.0000 mm): Line on Edge.Cuts
    @(40.0000 mm, 165.0000 mm): Line on F.Silkscreen
[silk_edge_clearance]: Silkscreen clipped by board edge
    Rule: board setup constraints silk; Severity: warning
    @(40.0000 mm, 217.0000 mm): Line on Edge.Cuts
    @(40.0000 mm, 82.0000 mm): Line on F.Silkscreen
[silk_edge_clearance]: Silkscreen clipped by board edge
    Rule: board setup constraints silk; Severity: warning
    @(277.0000 mm, 220.0000 mm): Line on Edge.Cuts
    @(76.0000 mm, 165.0000 mm): Line on F.Silkscreen
[silk_edge_clearance]: Silkscreen clipped by board edge
    Rule: board setup constraints silk; Severity: warning
    @(280.0000 mm, 43.0000 mm): Line on Edge.Cuts
    @(280.1000 mm, 90.8000 mm): Line on F.Silkscreen
[silk_edge_clearance]: Silkscreen clipped by board edge
    Rule: board setup constraints silk; Severity: warning
    @(280.0000 mm, 43.0000 mm): Line on Edge.Cuts
    @(280.1000 mm, 109.2000 mm): Line on F.Silkscreen
[silk_edge_clearance]: Silkscreen clipped by board edge
    Rule: board setup constraints silk; Severity: warning
    @(280.0000 mm, 43.0000 mm): Line on Edge.Cuts
    @(278.8250 mm, 158.0450 mm): Line on F.Silkscreen
[silk_edge_clearance]: Silkscreen clipped by board edge
    Rule: board setup constraints silk; Severity: warning
    @(280.0000 mm, 43.0000 mm): Line on Edge.Cuts
    @(278.8250 mm, 148.6450 mm): Line on F.Silkscreen
[malformed_courtyard]: Footprint has malformed courtyard (not a closed shape)
    Local override; Severity: error
    @(163.4750 mm, 103.2731 mm): Footprint BT1
[malformed_courtyard]: Footprint has malformed courtyard (self-intersecting)
    Local override; Severity: error
    @(163.4750 mm, 103.2731 mm): Footprint BT1
[malformed_courtyard]: Footprint has malformed courtyard (not a closed shape)
    Local override; Severity: error
    @(163.4750 mm, 103.2731 mm): Footprint BT1
[isolated_copper]: Isolated copper fill
    Local override; Severity: warning
    @(40.0000 mm, 166.5000 mm): Zone [GND_ISO] on In1.Cu
[isolated_copper]: Isolated copper fill
    Local override; Severity: warning
    @(40.0000 mm, 166.5000 mm): Zone [GND_ISO] on In2.Cu

** Found 499 unconnected pads **
[unconnected_items]: Missing connection between items
    Local override; Severity: error
    @(50.5250 mm, 92.0650 mm): PTH pad 1 [/Power Supply/VIN_MAIN_RAW] of J1
    @(56.2375 mm, 108.0550 mm): Pad 1 [/Power Supply/VIN_MAIN_RAW] of F1 on F.Cu
[unconnected_items]: Missing connection between items
    Local override; Severity: error
    @(198.4250 mm, 118.0125 mm): Pad 40 [GND] of U9 on F.Cu
    @(198.9250 mm, 118.0125 mm): Pad 39 [GND] of U9 on F.Cu
[unconnected_items]: Missing connection between items
    Local override; Severity: error
    @(198.9250 mm, 118.0125 mm): Pad 39 [GND] of U9 on F.Cu
    @(199.4250 mm, 118.0125 mm): Pad 38 [GND] of U9 on F.Cu
[unconnected_items]: Missing connection between items
    Local override; Severity: error
    @(198.4250 mm, 118.0125 mm): Pad 40 [GND] of U9 on F.Cu
    @(197.9250 mm, 118.0125 mm): Pad 41 [GND] of U9 on F.Cu
[unconnected_items]: Missing connection between items
    Local override; Severity: error
    @(197.9250 mm, 118.0125 mm): Pad 41 [GND] of U9 on F.Cu
    @(197.4250 mm, 118.0125 mm): Pad 42 [GND] of U9 on F.Cu
[unconnected_items]: Missing connection between items
    Local override; Severity: error
    @(151.7250 mm, 164.8250 mm): Pad 1 [GND] of U15 on F.Cu
    @(151.7250 mm, 165.8250 mm): Pad 3 [GND] of U15 on F.Cu
[unconnected_items]: Missing connection between items
    Local override; Severity: error
    @(194.9250 mm, 126.3375 mm): Pad 14 [GND] of U9 on F.Cu
    @(195.9250 mm, 126.3375 mm): Pad 16 [GND] of U9 on F.Cu
[unconnected_items]: Missing connection between items
    Local override; Severity: error
    @(167.3050 mm, 126.3600 mm): Pad 2 [GND] of U8 on F.Cu
    @(167.3050 mm, 127.6300 mm): Pad 3 [GND] of U8 on F.Cu
[unconnected_items]: Missing connection between items
    Local override; Severity: error
    @(101.3050 mm, 95.3600 mm): Pad 2 [GND] of U11 on F.Cu
    @(101.3050 mm, 96.6300 mm): Pad 3 [GND] of U11 on F.Cu
[unconnected_items]: Missing connection between items
    Local override; Severity: error
    @(81.1050 mm, 170.9600 mm): Pad 10 [GND] of U24 on F.Cu
    @(81.1050 mm, 172.2300 mm): Pad 9 [GND] of U24 on F.Cu
[unconnected_items]: Missing connection between items
    Local override; Severity: error
    @(272.7800 mm, 156.5950 mm): Pad A1 [GND] of J3 on F.Cu
    @(273.6950 mm, 157.6650 mm): PTH pad S1 [GND] of J3
[unconnected_items]: Missing connection between items
    Local override; Severity: error
    @(272.7800 mm, 150.0950 mm): Pad A12 [GND] of J3 on F.Cu
    @(273.6950 mm, 149.0250 mm): PTH pad S1 [GND] of J3
[unconnected_items]: Missing connection between items
    Local override; Severity: error
    @(197.4250 mm, 126.3375 mm): Pad 19 [GND] of U9 on F.Cu
    @(195.9250 mm, 126.3375 mm): Pad 16 [GND] of U9 on F.Cu
[unconnected_items]: Missing connection between items
    Local override; Severity: error
    @(222.8675 mm, 195.5550 mm): Pad 1 [GND] of U20 on F.Cu
    @(222.8675 mm, 197.4550 mm): Pad 3 [GND] of U20 on F.Cu
[unconnected_items]: Missing connection between items
    Local override; Severity: error
    @(222.8675 mm, 173.5550 mm): Pad 1 [GND] of U18 on F.Cu
    @(222.8675 mm, 175.4550 mm): Pad 3 [GND] of U18 on F.Cu
[unconnected_items]: Missing connection between items
    Local override; Severity: error
    @(235.9025 mm, 197.4550 mm): Pad 3 [GND] of U21 on F.Cu
    @(235.9025 mm, 195.5550 mm): Pad 1 [GND] of U21 on F.Cu
[unconnected_items]: Missing connection between items
    Local override; Severity: error
    @(235.9025 mm, 173.5550 mm): Pad 1 [GND] of U19 on F.Cu
    @(235.9025 mm, 175.4550 mm): Pad 3 [GND] of U19 on F.Cu
[unconnected_items]: Missing connection between items
    Local override; Severity: error
    @(199.4250 mm, 126.3375 mm): Pad 23 [GND] of U9 on F.Cu
    @(197.4250 mm, 126.3375 mm): Pad 19 [GND] of U9 on F.Cu
[unconnected_items]: Missing connection between items
    Local override; Severity: error
    @(193.2750 mm, 94.0250 mm): Pad 2 [GND] of U10 on F.Cu
    @(193.2750 mm, 92.0250 mm): Pad 1 [GND] of U10 on F.Cu
[unconnected_items]: Missing connection between items
    Local override; Severity: error
    @(131.0200 mm, 114.2900 mm): PTH pad 9 [GND] of U1
    @(133.1200 mm, 114.2550 mm): Pad 7 [GND] of U1 on F.Cu
[unconnected_items]: Missing connection between items
    Local override; Severity: error
    @(85.7800 mm, 172.2750 mm): Pad 2 [GND] of C72 on F.Cu
    @(85.7800 mm, 174.7850 mm): Pad 2 [GND] of C73 on F.Cu
[unconnected_items]: Missing connection between items
    Local override; Severity: error
    @(128.0250 mm, 176.7900 mm): Pad 13 [GND] of U14 on F.Cu
    @(128.0250 mm, 174.2500 mm): Pad 15 [GND] of U14 on F.Cu
[unconnected_items]: Missing connection between items
    Local override; Severity: error
    @(128.0250 mm, 179.3300 mm): Pad 11 [GND] of U14 on F.Cu
    @(128.0250 mm, 176.7900 mm): Pad 13 [GND] of U14 on F.Cu
[unconnected_items]: Missing connection between items
    Local override; Severity: error
    @(128.0250 mm, 179.3300 mm): Pad 11 [GND] of U14 on F.Cu
    @(128.0250 mm, 181.8700 mm): Pad 9 [GND] of U14 on F.Cu
[unconnected_items]: Missing connection between items
    Local override; Severity: error
    @(97.5750 mm, 181.8700 mm): Pad 9 [GND] of U13 on F.Cu
    @(97.5750 mm, 179.3300 mm): Pad 11 [GND] of U13 on F.Cu
[unconnected_items]: Missing connection between items
    Local override; Severity: error
    @(81.1050 mm, 179.8500 mm): Pad 3 [GND] of U24 on F.Cu
    @(81.1050 mm, 182.3900 mm): Pad 1 [GND] of U24 on F.Cu
[unconnected_items]: Missing connection between items
    Local override; Severity: error
    @(97.5750 mm, 179.3300 mm): Pad 11 [GND] of U13 on F.Cu
    @(97.5750 mm, 176.7900 mm): Pad 13 [GND] of U13 on F.Cu
[unconnected_items]: Missing connection between items
    Local override; Severity: error
    @(97.5750 mm, 176.7900 mm): Pad 13 [GND] of U13 on F.Cu
    @(97.5750 mm, 174.2500 mm): Pad 15 [GND] of U13 on F.Cu
[unconnected_items]: Missing connection between items
    Local override; Severity: error
    @(128.3075 mm, 140.7950 mm): Pad 1 [GND] of D5 on F.Cu
    @(125.7750 mm, 141.0050 mm): Pad 2 [GND] of C16 on F.Cu
[unconnected_items]: Missing connection between items
    Local override; Severity: error
    @(206.5750 mm, 119.5750 mm): Pad 2 [GND] of Y1 on F.Cu
    @(204.3750 mm, 117.8750 mm): Pad 4 [GND] of Y1 on F.Cu
[unconnected_items]: Missing connection between items
    Local override; Severity: error
    @(85.8300 mm, 166.7550 mm): Pad 2 [GND] of R109 on F.Cu
    @(86.1750 mm, 169.5150 mm): Pad 2 [GND] of C71 on F.Cu
[unconnected_items]: Missing connection between items
    Local override; Severity: error
    @(203.9700 mm, 179.0950 mm): Pad 2 [GND] of R86 on F.Cu
    @(204.3150 mm, 176.3350 mm): Pad 2 [GND] of C64 on F.Cu
[unconnected_items]: Missing connection between items
    Local override; Severity: error
    @(86.1750 mm, 169.5150 mm): Pad 2 [GND] of C71 on F.Cu
    @(85.7800 mm, 172.2750 mm): Pad 2 [GND] of C72 on F.Cu
[unconnected_items]: Missing connection between items
    Local override; Severity: error
    @(194.4250 mm, 118.0125 mm): Pad 48 [GND] of U9 on F.Cu
    @(193.0125 mm, 120.4250 mm): Pad 3 [GND] of U9 on F.Cu
[unconnected_items]: Missing connection between items
    Local override; Severity: error
    @(194.2800 mm, 129.1050 mm): Pad 2 [GND] of C37 on F.Cu
    @(194.9250 mm, 126.3375 mm): Pad 14 [GND] of U9 on F.Cu
[unconnected_items]: Missing connection between items
    Local override; Severity: error
    @(237.2950 mm, 199.9850 mm): Pad 2 [GND] of R100 on F.Cu
    @(235.9025 mm, 197.4550 mm): Pad 3 [GND] of U21 on F.Cu
[unconnected_items]: Missing connection between items
    Local override; Severity: error
    @(237.2950 mm, 177.9850 mm): Pad 2 [GND] of R94 on F.Cu
    @(235.9025 mm, 175.4550 mm): Pad 3 [GND] of U19 on F.Cu
[unconnected_items]: Missing connection between items
    Local override; Severity: error
    @(224.2600 mm, 199.9850 mm): Pad 2 [GND] of R97 on F.Cu
    @(222.8675 mm, 197.4550 mm): Pad 3 [GND] of U20 on F.Cu
[unconnected_items]: Missing connection between items
    Local override; Severity: error
    @(224.2600 mm, 177.9850 mm): Pad 2 [GND] of R91 on F.Cu
    @(222.8675 mm, 175.4550 mm): Pad 3 [GND] of U18 on F.Cu
[unconnected_items]: Missing connection between items
    Local override; Severity: error
    @(198.2900 mm, 129.1050 mm): Pad 2 [GND] of C38 on F.Cu
    @(197.4250 mm, 126.3375 mm): Pad 19 [GND] of U9 on F.Cu
[unconnected_items]: Missing connection between items
    Local override; Severity: error
    @(197.4250 mm, 118.0125 mm): Pad 42 [GND] of U9 on F.Cu
    @(194.4250 mm, 118.0125 mm): Pad 48 [GND] of U9 on F.Cu
[unconnected_items]: Missing connection between items
    Local override; Severity: error
    @(193.0125 mm, 123.4250 mm): Pad 9 [GND] of U9 on F.Cu
    @(193.0125 mm, 120.4250 mm): Pad 3 [GND] of U9 on F.Cu
[unconnected_items]: Missing connection between items
    Local override; Severity: error
    @(168.9700 mm, 142.1200 mm): Pad 9 [GND] of J7 on F.Cu
    @(172.1200 mm, 142.1200 mm): Pad 6 [GND] of J7 on F.Cu
[unconnected_items]: Missing connection between items
    Local override; Severity: error
    @(217.7950 mm, 143.6750 mm): Pad 2 [GND] of SW4 on F.Cu
    @(214.6050 mm, 143.6750 mm): Pad 2 [GND] of SW3 on F.Cu
[unconnected_items]: Missing connection between items
    Local override; Severity: error
    @(225.7550 mm, 143.6750 mm): Pad 2 [GND] of SW4 on F.Cu
    @(228.9450 mm, 143.6750 mm): Pad 2 [GND] of SW5 on F.Cu
[unconnected_items]: Missing connection between items
    Local override; Severity: error
    @(238.2450 mm, 95.6750 mm): Pad 2 [GND] of SW2 on F.Cu
    @(235.0550 mm, 95.6750 mm): Pad 2 [GND] of SW1 on F.Cu
[unconnected_items]: Missing connection between items
    Local override; Severity: error
    @(168.9700 mm, 142.1200 mm): Pad 9 [GND] of J7 on F.Cu
    @(167.3050 mm, 139.0600 mm): Pad 12 [GND] of U8 on F.Cu
[unconnected_items]: Missing connection between items
    Local override; Severity: error
    @(194.9250 mm, 126.3375 mm): Pad 14 [GND] of U9 on F.Cu
    @(193.0125 mm, 123.4250 mm): Pad 9 [GND] of U9 on F.Cu
[unconnected_items]: Missing connection between items
    Local override; Severity: error
    @(265.5250 mm, 143.2700 mm): PTH pad SH [GND] of J6
    @(265.4500 mm, 146.7550 mm): Pad 2 [GND] of C25 on F.Cu
[unconnected_items]: Missing connection between items
    Local override; Severity: error
    @(212.3800 mm, 176.0850 mm): Pad 2 [GND] of C65 on F.Cu
    @(210.7100 mm, 172.9550 mm): Pad 4 [GND] of U16 on F.Cu
[unconnected_items]: Missing connection between items
    Local override; Severity: error
    @(228.6750 mm, 98.8550 mm): Pad 2 [GND] of C22 on F.Cu
    @(227.0950 mm, 95.6750 mm): Pad 2 [GND] of SW1 on F.Cu
[unconnected_items]: Missing connection between items
    Local override; Severity: error
    @(210.7100 mm, 172.9550 mm): Pad 4 [GND] of U16 on F.Cu
    @(207.2100 mm, 172.3550 mm): Pad 2 [GND] of D28 on F.Cu
[unconnected_items]: Missing connection between items
    Local override; Severity: error
    @(132.3500 mm, 184.6050 mm): Pad 2 [GND] of C54 on F.Cu
    @(130.7500 mm, 187.8950 mm): Pad 2 [GND] of C57 on F.Cu
[unconnected_items]: Missing connection between items
    Local override; Severity: error
    @(100.3000 mm, 187.8950 mm): Pad 2 [GND] of C53 on F.Cu
    @(101.9000 mm, 184.6050 mm): Pad 2 [GND] of C50 on F.Cu
[unconnected_items]: Missing connection between items
    Local override; Severity: error
    @(103.8000 mm, 127.6750 mm): Pad 2 [GND] of C13 on F.Cu
    @(102.2800 mm, 131.0550 mm): Pad 2 [GND] of C12 on F.Cu
[unconnected_items]: Missing connection between items
    Local override; Severity: error
    @(134.2800 mm, 145.3800 mm): Pad 2 [GND] of C26 on F.Cu
    @(132.9375 mm, 141.9000 mm): Pad 2 [GND] of U5 on F.Cu
[unconnected_items]: Missing connection between items
    Local override; Severity: error
    @(232.7300 mm, 98.6050 mm): Pad 2 [GND] of C23 on F.Cu
    @(235.0550 mm, 95.6750 mm): Pad 2 [GND] of SW1 on F.Cu
[unconnected_items]: Missing connection between items
    Local override; Severity: error
    @(240.7500 mm, 98.6050 mm): Pad 2 [GND] of C24 on F.Cu
    @(238.2450 mm, 95.6750 mm): Pad 2 [GND] of SW2 on F.Cu
[unconnected_items]: Missing connection between items
    Local override; Severity: error
    @(207.2100 mm, 172.3550 mm): Pad 2 [GND] of D28 on F.Cu
    @(208.3700 mm, 176.0850 mm): Pad 2 [GND] of C63 on F.Cu
[unconnected_items]: Missing connection between items
    Local override; Severity: error
    @(199.4250 mm, 126.3375 mm): Pad 23 [GND] of U9 on F.Cu
    @(201.3375 mm, 122.9250 mm): Pad 29 [GND] of U9 on F.Cu
[unconnected_items]: Missing connection between items
    Local override; Severity: error
    @(189.9800 mm, 179.9550 mm): Pad 2 [GND] of C60 on F.Cu
    @(186.0200 mm, 179.9550 mm): Pad 2 [GND] of R78 on F.Cu
[unconnected_items]: Missing connection between items
    Local override; Severity: error
    @(186.0200 mm, 192.9550 mm): Pad 2 [GND] of R84 on F.Cu
    @(189.9800 mm, 192.9550 mm): Pad 2 [GND] of C62 on F.Cu
[unconnected_items]: Missing connection between items
    Local override; Severity: error
    @(165.6100 mm, 179.9550 mm): Pad 2 [GND] of C59 on F.Cu
    @(161.6500 mm, 179.9550 mm): Pad 2 [GND] of R75 on F.Cu
[unconnected_items]: Missing connection between items
    Local override; Severity: error
    @(61.3400 mm, 129.7550 mm): Pad 2 [GND] of R2 on F.Cu
    @(65.3000 mm, 129.7550 mm): Pad 2 [GND] of C5 on F.Cu
[unconnected_items]: Missing connection between items
    Local override; Severity: error
    @(73.3700 mm, 129.7550 mm): Pad 2 [GND] of R4 on F.Cu
    @(77.3300 mm, 129.7550 mm): Pad 2 [GND] of C6 on F.Cu
[unconnected_items]: Missing connection between items
    Local override; Severity: error
    @(261.4900 mm, 146.7550 mm): Pad 2 [GND] of R20 on F.Cu
    @(265.4500 mm, 146.7550 mm): Pad 2 [GND] of C25 on F.Cu
[unconnected_items]: Missing connection between items
    Local override; Severity: error
    @(239.8800 mm, 117.7550 mm): Pad 2 [GND] of R32 on F.Cu
    @(243.8400 mm, 117.7550 mm): Pad 2 [GND] of C36 on F.Cu
[unconnected_items]: Missing connection between items
    Local override; Severity: error
    @(165.6100 mm, 192.9550 mm): Pad 2 [GND] of C61 on F.Cu
    @(161.6500 mm, 192.9550 mm): Pad 2 [GND] of R81 on F.Cu
[unconnected_items]: Missing connection between items
    Local override; Severity: error
    @(227.8000 mm, 117.7550 mm): Pad 2 [GND] of C32 on F.Cu
    @(223.7900 mm, 117.7550 mm): Pad 2 [GND] of C31 on F.Cu
[unconnected_items]: Missing connection between items
    Local override; Severity: error
    @(234.3800 mm, 129.1050 mm): Pad 2 [GND] of C41 on F.Cu
    @(230.3700 mm, 129.1050 mm): Pad 2 [GND] of C40 on F.Cu
[unconnected_items]: Missing connection between items
    Local override; Severity: error
    @(102.2800 mm, 131.0550 mm): Pad 2 [GND] of C12 on F.Cu
    @(106.2900 mm, 131.0550 mm): Pad 2 [GND] of C15 on F.Cu
[unconnected_items]: Missing connection between items
    Local override; Severity: error
    @(126.1000 mm, 126.8050 mm): Pad 2 [GND] of R7 on F.Cu
    @(122.0900 mm, 126.8050 mm): Pad 2 [GND] of R6 on F.Cu
[unconnected_items]: Missing connection between items
    Local override; Severity: error
    @(230.3700 mm, 129.1050 mm): Pad 2 [GND] of C40 on F.Cu
    @(226.3600 mm, 129.1050 mm): Pad 2 [GND] of C39 on F.Cu
[unconnected_items]: Missing connection between items
    Local override; Severity: error
    @(261.4900 mm, 146.7550 mm): Pad 2 [GND] of R20 on F.Cu
    @(257.4800 mm, 146.7550 mm): Pad 2 [GND] of R19 on F.Cu
[unconnected_items]: Missing connection between items
    Local override; Severity: error
    @(235.8200 mm, 117.7550 mm): Pad 2 [GND] of C34 on F.Cu
    @(231.8100 mm, 117.7550 mm): Pad 2 [GND] of C33 on F.Cu
[unconnected_items]: Missing connection between items
    Local override; Severity: error
    @(231.8100 mm, 117.7550 mm): Pad 2 [GND] of C33 on F.Cu
    @(227.8000 mm, 117.7550 mm): Pad 2 [GND] of C32 on F.Cu
[unconnected_items]: Missing connection between items
    Local override; Severity: error
    @(164.7400 mm, 115.3012 mm): Pad 2 [GND] of C27 on F.Cu
    @(168.7500 mm, 115.3012 mm): Pad 2 [GND] of C28 on F.Cu
[unconnected_items]: Missing connection between items
    Local override; Severity: error
    @(83.7400 mm, 141.7550 mm): Pad 2 [GND] of R105 on F.Cu
    @(79.6800 mm, 141.7550 mm): Pad 2 [GND] of C70 on F.Cu
[unconnected_items]: Missing connection between items
    Local override; Severity: error
    @(156.3400 mm, 157.2050 mm): Pad 2 [GND] of R47 on F.Cu
    @(152.2800 mm, 157.2050 mm): Pad 2 [GND] of C47 on F.Cu
[unconnected_items]: Missing connection between items
    Local override; Severity: error
    @(239.8800 mm, 117.7550 mm): Pad 2 [GND] of R32 on F.Cu
    @(235.8200 mm, 117.7550 mm): Pad 2 [GND] of C34 on F.Cu
[unconnected_items]: Missing connection between items
    Local override; Severity: error
    @(228.6750 mm, 98.8550 mm): Pad 2 [GND] of C22 on F.Cu
    @(232.7300 mm, 98.6050 mm): Pad 2 [GND] of C23 on F.Cu
[unconnected_items]: Missing connection between items
    Local override; Severity: error
    @(218.2800 mm, 90.7550 mm): Pad 2 [GND] of C43 on F.Cu
    @(214.2250 mm, 91.0050 mm): Pad 2 [GND] of C42 on F.Cu
[unconnected_items]: Missing connection between items
    Local override; Severity: error
    @(204.3150 mm, 176.3350 mm): Pad 2 [GND] of C64 on F.Cu
    @(208.3700 mm, 176.0850 mm): Pad 2 [GND] of C63 on F.Cu
[unconnected_items]: Missing connection between items
    Local override; Severity: error
    @(128.4950 mm, 94.0050 mm): Pad 2 [GND] of C49 on F.Cu
    @(132.5500 mm, 93.7550 mm): Pad 2 [GND] of C48 on F.Cu
[unconnected_items]: Missing connection between items
    Local override; Severity: error
    @(168.0200 mm, 146.4200 mm): Pad 11 [GND] of J7 on F.Cu
    @(168.9700 mm, 142.1200 mm): Pad 9 [GND] of J7 on F.Cu
[unconnected_items]: Missing connection between items
    Local override; Severity: error
    @(232.2800 mm, 177.9850 mm): Pad 2 [GND] of R93 on F.Cu
    @(235.9025 mm, 175.4550 mm): Pad 3 [GND] of U19 on F.Cu
[unconnected_items]: Missing connection between items
    Local override; Severity: error
    @(232.2800 mm, 199.9850 mm): Pad 2 [GND] of R99 on F.Cu
    @(235.9025 mm, 197.4550 mm): Pad 3 [GND] of U21 on F.Cu
[unconnected_items]: Missing connection between items
    Local override; Severity: error
    @(211.2750 mm, 118.0050 mm): Pad 2 [GND] of C30 on F.Cu
    @(215.7250 mm, 118.0050 mm): Pad 2 [GND] of C35 on F.Cu
[unconnected_items]: Missing connection between items
    Local override; Severity: error
    @(121.2500 mm, 141.1750 mm): Pad 2 [GND] of C20 on F.Cu
    @(125.7750 mm, 141.0050 mm): Pad 2 [GND] of C16 on F.Cu
[unconnected_items]: Missing connection between items
    Local override; Severity: error
    @(109.4500 mm, 127.6750 mm): Pad 2 [GND] of C14 on F.Cu
    @(113.9750 mm, 127.0550 mm): Pad 2 [GND] of C9 on F.Cu
[unconnected_items]: Missing connection between items
    Local override; Severity: error
    @(109.4500 mm, 127.6750 mm): Pad 2 [GND] of C14 on F.Cu
    @(106.2900 mm, 131.0550 mm): Pad 2 [GND] of C15 on F.Cu
[unconnected_items]: Missing connection between items
    Local override; Severity: error
    @(210.7100 mm, 172.9550 mm): Pad 4 [GND] of U16 on F.Cu
    @(215.1100 mm, 171.4550 mm): Pad 10 [GND] of U16 on F.Cu
[unconnected_items]: Missing connection between items
    Local override; Severity: error
    @(85.7800 mm, 172.2750 mm): Pad 2 [GND] of C72 on F.Cu
    @(81.1050 mm, 172.2300 mm): Pad 9 [GND] of U24 on F.Cu
[unconnected_items]: Missing connection between items
    Local override; Severity: error
    @(216.0000 mm, 179.0950 mm): Pad 2 [GND] of R89 on F.Cu
    @(212.3800 mm, 176.0850 mm): Pad 2 [GND] of C65 on F.Cu
[unconnected_items]: Missing connection between items
    Local override; Severity: error
    @(128.3075 mm, 140.7950 mm): Pad 1 [GND] of D5 on F.Cu
    @(132.9375 mm, 141.9000 mm): Pad 2 [GND] of U5 on F.Cu
[unconnected_items]: Missing connection between items
    Local override; Severity: error
    @(181.5200 mm, 157.2200 mm): Pad 11 [GND] of J7 on F.Cu
    @(186.2800 mm, 157.3150 mm): Pad 2 [GND] of C45 on F.Cu
[unconnected_items]: Missing connection between items
    Local override; Severity: error
    @(204.3750 mm, 117.8750 mm): Pad 4 [GND] of Y1 on F.Cu
    @(199.4250 mm, 118.0125 mm): Pad 38 [GND] of U9 on F.Cu
[unconnected_items]: Missing connection between items
    Local override; Severity: error
    @(211.2750 mm, 118.0050 mm): Pad 2 [GND] of C30 on F.Cu
    @(206.5750 mm, 119.5750 mm): Pad 2 [GND] of Y1 on F.Cu
[unconnected_items]: Missing connection between items
    Local override; Severity: error
    @(209.2750 mm, 92.0250 mm): Pad 16 [GND] of U10 on F.Cu
    @(214.2250 mm, 91.0050 mm): Pad 2 [GND] of C42 on F.Cu
[unconnected_items]: Missing connection between items
    Local override; Severity: error
    @(101.9000 mm, 184.6050 mm): Pad 2 [GND] of C50 on F.Cu
    @(97.5750 mm, 181.8700 mm): Pad 9 [GND] of U13 on F.Cu
[unconnected_items]: Missing connection between items
    Local override; Severity: error
    @(128.0250 mm, 181.8700 mm): Pad 9 [GND] of U14 on F.Cu
    @(132.3500 mm, 184.6050 mm): Pad 2 [GND] of C54 on F.Cu
[unconnected_items]: Missing connection between items
    Local override; Severity: error
    @(229.3600 mm, 173.3600 mm): Pad 2 [GND] of C66 on F.Cu
    @(232.2800 mm, 177.9850 mm): Pad 2 [GND] of R93 on F.Cu
[unconnected_items]: Missing connection between items
    Local override; Severity: error
    @(245.3150 mm, 199.9850 mm): Pad 2 [GND] of R102 on F.Cu
    @(242.3950 mm, 195.3600 mm): Pad 2 [GND] of C69 on F.Cu
[unconnected_items]: Missing connection between items
    Local override; Severity: error
    @(245.3150 mm, 177.9850 mm): Pad 2 [GND] of R96 on F.Cu
    @(242.3950 mm, 173.3600 mm): Pad 2 [GND] of C67 on F.Cu
[unconnected_items]: Missing connection between items
    Local override; Severity: error
    @(232.2800 mm, 199.9850 mm): Pad 2 [GND] of R99 on F.Cu
    @(229.3600 mm, 195.3600 mm): Pad 2 [GND] of C68 on F.Cu
[unconnected_items]: Missing connection between items
    Local override; Severity: error
    @(236.9050 mm, 143.6750 mm): Pad 2 [GND] of SW5 on F.Cu
    @(240.8250 mm, 139.8250 mm): PTH pad 1 [GND] of J5
[unconnected_items]: Missing connection between items
    Local override; Severity: error
    @(207.2100 mm, 172.3550 mm): Pad 2 [GND] of D28 on F.Cu
    @(202.8900 mm, 168.7600 mm): Pad 4 [GND] of U17 on F.Cu
[unconnected_items]: Missing connection between items
    Local override; Severity: error
    @(81.6500 mm, 120.1750 mm): Pad 2 [GND] of C4 on F.Cu
    @(76.0000 mm, 120.1750 mm): Pad 2 [GND] of C3 on F.Cu
[unconnected_items]: Missing connection between items
    Local override; Severity: error
    @(121.2500 mm, 141.1750 mm): Pad 2 [GND] of C20 on F.Cu
    @(115.6000 mm, 141.1750 mm): Pad 2 [GND] of C19 on F.Cu
[unconnected_items]: Missing connection between items
    Local override; Severity: error
    @(138.9950 mm, 113.6250 mm): Pad 2 [GND] of C7 on F.Cu
    @(144.6450 mm, 113.6250 mm): Pad 2 [GND] of C8 on F.Cu
[unconnected_items]: Missing connection between items
    Local override; Severity: error
    @(129.8200 mm, 115.5900 mm): PTH pad 9 [GND] of U1
    @(124.1200 mm, 115.3750 mm): Pad 2 [GND] of D4 on F.Cu
[unconnected_items]: Missing connection between items
    Local override; Severity: error
    @(215.6600 mm, 165.7750 mm): Pad 2 [GND] of D27 on F.Cu
    @(215.1100 mm, 171.4550 mm): Pad 10 [GND] of U16 on F.Cu
[unconnected_items]: Missing connection between items
    Local override; Severity: error
    @(133.1200 mm, 114.2550 mm): Pad 7 [GND] of U1 on F.Cu
    @(138.9950 mm, 113.6250 mm): Pad 2 [GND] of C7 on F.Cu
[unconnected_items]: Missing connection between items
    Local override; Severity: error
    @(146.1000 mm, 126.8050 mm): Pad 2 [GND] of C11 on F.Cu
    @(151.8250 mm, 128.3650 mm): PTH pad 4 [GND] of J8
[unconnected_items]: Missing connection between items
    Local override; Severity: error
    @(189.0225 mm, 185.9500 mm): Pad 1 [GND] of D26 on F.Cu
    @(189.9800 mm, 179.9550 mm): Pad 2 [GND] of C60 on F.Cu
[unconnected_items]: Missing connection between items
    Local override; Severity: error
    @(165.6100 mm, 179.9550 mm): Pad 2 [GND] of C59 on F.Cu
    @(164.6525 mm, 185.9500 mm): Pad 1 [GND] of D24 on F.Cu
[unconnected_items]: Missing connection between items
    Local override; Severity: error
    @(240.7500 mm, 98.6050 mm): Pad 2 [GND] of C24 on F.Cu
    @(246.2050 mm, 95.6750 mm): Pad 2 [GND] of SW2 on F.Cu
[unconnected_items]: Missing connection between items
    Local override; Severity: error
    @(180.7350 mm, 135.9850 mm): PTH pad 5 [GND] of J4
    @(179.1700 mm, 142.1200 mm): Pad 11 [GND] of J7 on F.Cu
[unconnected_items]: Missing connection between items
    Local override; Severity: error
    @(81.3700 mm, 107.3250 mm): Pad 2 [GND] of D3 on F.Cu
    @(87.6950 mm, 106.6750 mm): Pad 2 [GND] of C2 on F.Cu
[unconnected_items]: Missing connection between items
    Local override; Severity: error
    @(106.2900 mm, 147.3050 mm): Pad 2 [GND] of C17 on F.Cu
    @(107.5875 mm, 140.9500 mm): Pad 1 [GND] of U2 on F.Cu
[unconnected_items]: Missing connection between items
    Local override; Severity: error
    @(229.3600 mm, 173.3600 mm): Pad 2 [GND] of C66 on F.Cu
    @(222.8675 mm, 173.5550 mm): Pad 1 [GND] of U18 on F.Cu
[unconnected_items]: Missing connection between items
    Local override; Severity: error
    @(229.3600 mm, 195.3600 mm): Pad 2 [GND] of C68 on F.Cu
    @(222.8675 mm, 195.5550 mm): Pad 1 [GND] of U20 on F.Cu
[unconnected_items]: Missing connection between items
    Local override; Severity: error
    @(242.3950 mm, 195.3600 mm): Pad 2 [GND] of C69 on F.Cu
    @(235.9025 mm, 195.5550 mm): Pad 1 [GND] of U21 on F.Cu
[unconnected_items]: Missing connection between items
    Local override; Severity: error
    @(235.9025 mm, 173.5550 mm): Pad 1 [GND] of U19 on F.Cu
    @(242.3950 mm, 173.3600 mm): Pad 2 [GND] of C67 on F.Cu
[unconnected_items]: Missing connection between items
    Local override; Severity: error
    @(250.9375 mm, 147.9000 mm): Pad 2 [GND] of U4 on F.Cu
    @(257.4800 mm, 146.7550 mm): Pad 2 [GND] of R19 on F.Cu
[unconnected_items]: Missing connection between items
    Local override; Severity: error
    @(250.9750 mm, 91.0050 mm): Pad 2 [GND] of C21 on F.Cu
    @(246.2050 mm, 95.6750 mm): Pad 2 [GND] of SW2 on F.Cu
[unconnected_items]: Missing connection between items
    Local override; Severity: error
    @(115.6000 mm, 141.1750 mm): Pad 2 [GND] of C19 on F.Cu
    @(118.3700 mm, 147.3050 mm): Pad 2 [GND] of R13 on F.Cu
[unconnected_items]: Missing connection between items
    Local override; Severity: error
    @(85.7800 mm, 174.7850 mm): Pad 2 [GND] of C73 on F.Cu
    @(81.1050 mm, 179.8500 mm): Pad 3 [GND] of U24 on F.Cu
[unconnected_items]: Missing connection between items
    Local override; Severity: error
    @(177.8875 mm, 193.1750 mm): Pad 2 [GND] of R82 on F.Cu
    @(180.8400 mm, 186.7750 mm): Pad 2 [GND] of D25 on F.Cu
[unconnected_items]: Missing connection between items
    Local override; Severity: error
    @(156.4700 mm, 173.7750 mm): Pad 2 [GND] of D19 on F.Cu
    @(153.5175 mm, 180.1750 mm): Pad 2 [GND] of R73 on F.Cu
[unconnected_items]: Missing connection between items
    Local override; Severity: error
    @(180.8400 mm, 173.7750 mm): Pad 2 [GND] of D21 on F.Cu
    @(177.8875 mm, 180.1750 mm): Pad 2 [GND] of R76 on F.Cu
[unconnected_items]: Missing connection between items
    Local override; Severity: error
    @(153.5175 mm, 193.1750 mm): Pad 2 [GND] of R79 on F.Cu
    @(156.4700 mm, 186.7750 mm): Pad 2 [GND] of D23 on F.Cu
[unconnected_items]: Missing connection between items
    Local override; Severity: error
    @(179.1700 mm, 142.1200 mm): Pad 11 [GND] of J7 on F.Cu
    @(172.1200 mm, 142.1200 mm): Pad 6 [GND] of J7 on F.Cu
[unconnected_items]: Missing connection between items
    Local override; Severity: error
    @(189.9800 mm, 179.9550 mm): Pad 2 [GND] of C60 on F.Cu
    @(189.0225 mm, 172.9500 mm): Pad 1 [GND] of D22 on F.Cu
[unconnected_items]: Missing connection between items
    Local override; Severity: error
    @(164.6525 mm, 185.9500 mm): Pad 1 [GND] of D24 on F.Cu
    @(165.6100 mm, 192.9550 mm): Pad 2 [GND] of C61 on F.Cu
[unconnected_items]: Missing connection between items
    Local override; Severity: error
    @(189.0225 mm, 185.9500 mm): Pad 1 [GND] of D26 on F.Cu
    @(189.9800 mm, 192.9550 mm): Pad 2 [GND] of C62 on F.Cu
[unconnected_items]: Missing connection between items
    Local override; Severity: error
    @(165.6100 mm, 179.9550 mm): Pad 2 [GND] of C59 on F.Cu
    @(164.6525 mm, 172.9500 mm): Pad 1 [GND] of D20 on F.Cu
[unconnected_items]: Missing connection between items
    Local override; Severity: error
    @(245.2350 mm, 152.3050 mm): Pad 2 [GND] of R31 on F.Cu
    @(250.9375 mm, 147.9000 mm): Pad 2 [GND] of U4 on F.Cu
[unconnected_items]: Missing connection between items
    Local override; Severity: error
    @(159.8750 mm, 150.9250 mm): Pad 2 [GND] of C46 on F.Cu
    @(156.3400 mm, 157.2050 mm): Pad 2 [GND] of R47 on F.Cu
[unconnected_items]: Missing connection between items
    Local override; Severity: error
    @(177.8875 mm, 180.1750 mm): Pad 2 [GND] of R76 on F.Cu
    @(180.8400 mm, 186.7750 mm): Pad 2 [GND] of D25 on F.Cu
[unconnected_items]: Missing connection between items
    Local override; Severity: error
    @(156.4700 mm, 186.7750 mm): Pad 2 [GND] of D23 on F.Cu
    @(153.5175 mm, 180.1750 mm): Pad 2 [GND] of R73 on F.Cu
[unconnected_items]: Missing connection between items
    Local override; Severity: error
    @(185.8400 mm, 124.7550 mm): Pad 2 [GND] of C29 on F.Cu
    @(193.0125 mm, 123.4250 mm): Pad 9 [GND] of U9 on F.Cu
[unconnected_items]: Missing connection between items
    Local override; Severity: error
    @(114.2150 mm, 104.2500 mm): Pad 9 [GND] of U12 on F.Cu
    @(110.6050 mm, 97.9000 mm): Pad 21 [GND] of U11 on F.Cu
[unconnected_items]: Missing connection between items
    Local override; Severity: error
    @(186.2800 mm, 157.3150 mm): Pad 2 [GND] of C45 on F.Cu
    @(193.0075 mm, 154.4000 mm): Pad 2 [GND] of Q1 on F.Cu
[unconnected_items]: Missing connection between items
    Local override; Severity: error
    @(179.1700 mm, 142.1200 mm): Pad 11 [GND] of J7 on F.Cu
    @(186.6750 mm, 142.0050 mm): Pad 2 [GND] of C44 on F.Cu
[unconnected_items]: Missing connection between items
    Local override; Severity: error
    @(152.2800 mm, 157.2050 mm): Pad 2 [GND] of C47 on F.Cu
    @(151.7250 mm, 164.8250 mm): Pad 1 [GND] of U15 on F.Cu
[unconnected_items]: Missing connection between items
    Local override; Severity: error
    @(215.6600 mm, 165.7750 mm): Pad 2 [GND] of D27 on F.Cu
    @(223.3050 mm, 165.8100 mm): Pad 3 [GND] of Q2 on F.Cu
[unconnected_items]: Missing connection between items
    Local override; Severity: error
    @(236.3400 mm, 165.8100 mm): Pad 3 [GND] of Q3 on F.Cu
    @(235.9025 mm, 173.5550 mm): Pad 1 [GND] of U19 on F.Cu
[unconnected_items]: Missing connection between items
    Local override; Severity: error
    @(223.3050 mm, 165.8100 mm): Pad 3 [GND] of Q2 on F.Cu
    @(222.8675 mm, 173.5550 mm): Pad 1 [GND] of U18 on F.Cu
[unconnected_items]: Missing connection between items
    Local override; Severity: error
    @(222.8675 mm, 195.5550 mm): Pad 1 [GND] of U20 on F.Cu
    @(223.3050 mm, 187.8100 mm): Pad 3 [GND] of Q4 on F.Cu
[unconnected_items]: Missing connection between items
    Local override; Severity: error
    @(236.3400 mm, 187.8100 mm): Pad 3 [GND] of Q5 on F.Cu
    @(235.9025 mm, 195.5550 mm): Pad 1 [GND] of U21 on F.Cu
[unconnected_items]: Missing connection between items
    Local override; Severity: error
    @(217.7950 mm, 143.6750 mm): Pad 2 [GND] of SW4 on F.Cu
    @(225.7550 mm, 143.6750 mm): Pad 2 [GND] of SW4 on F.Cu
[unconnected_items]: Missing connection between items
    Local override; Severity: error
    @(228.9450 mm, 143.6750 mm): Pad 2 [GND] of SW5 on F.Cu
    @(236.9050 mm, 143.6750 mm): Pad 2 [GND] of SW5 on F.Cu
[unconnected_items]: Missing connection between items
    Local override; Severity: error
    @(214.6050 mm, 143.6750 mm): Pad 2 [GND] of SW3 on F.Cu
    @(206.6450 mm, 143.6750 mm): Pad 2 [GND] of SW3 on F.Cu
[unconnected_items]: Missing connection between items
    Local override; Severity: error
    @(138.1300 mm, 126.8050 mm): Pad 2 [GND] of R9 on F.Cu
    @(146.1000 mm, 126.8050 mm): Pad 2 [GND] of C11 on F.Cu
[unconnected_items]: Missing connection between items
    Local override; Severity: error
    @(107.5875 mm, 140.9500 mm): Pad 1 [GND] of U2 on F.Cu
    @(115.6000 mm, 141.1750 mm): Pad 2 [GND] of C19 on F.Cu
[unconnected_items]: Missing connection between items
    Local override; Severity: error
    @(132.3500 mm, 184.6050 mm): Pad 2 [GND] of C54 on F.Cu
    @(140.3700 mm, 184.6050 mm): Pad 2 [GND] of C55 on F.Cu
[unconnected_items]: Missing connection between items
    Local override; Severity: error
    @(100.3000 mm, 187.8950 mm): Pad 2 [GND] of C53 on F.Cu
    @(92.2800 mm, 187.8950 mm): Pad 2 [GND] of C52 on F.Cu
[unconnected_items]: Missing connection between items
    Local override; Severity: error
    @(109.9200 mm, 184.6050 mm): Pad 2 [GND] of C51 on F.Cu
    @(101.9000 mm, 184.6050 mm): Pad 2 [GND] of C50 on F.Cu
[unconnected_items]: Missing connection between items
    Local override; Severity: error
    @(122.7300 mm, 187.8950 mm): Pad 2 [GND] of C56 on F.Cu
    @(130.7500 mm, 187.8950 mm): Pad 2 [GND] of C57 on F.Cu
[unconnected_items]: Missing connection between items
    Local override; Severity: error
    @(91.7600 mm, 141.7550 mm): Pad 2 [GND] of R108 on F.Cu
    @(83.7400 mm, 141.7550 mm): Pad 2 [GND] of R105 on F.Cu
[unconnected_items]: Missing connection between items
    Local override; Severity: error
    @(161.6500 mm, 179.9550 mm): Pad 2 [GND] of R75 on F.Cu
    @(156.4700 mm, 173.7750 mm): Pad 2 [GND] of D19 on F.Cu
[unconnected_items]: Missing connection between items
    Local override; Severity: error
    @(186.0200 mm, 179.9550 mm): Pad 2 [GND] of R78 on F.Cu
    @(180.8400 mm, 173.7750 mm): Pad 2 [GND] of D21 on F.Cu
[unconnected_items]: Missing connection between items
    Local override; Severity: error
    @(223.7900 mm, 117.7550 mm): Pad 2 [GND] of C31 on F.Cu
    @(215.7250 mm, 118.0050 mm): Pad 2 [GND] of C35 on F.Cu
[unconnected_items]: Missing connection between items
    Local override; Severity: error
    @(73.3700 mm, 129.7550 mm): Pad 2 [GND] of R4 on F.Cu
    @(65.3000 mm, 129.7550 mm): Pad 2 [GND] of C5 on F.Cu
[unconnected_items]: Missing connection between items
    Local override; Severity: error
    @(113.9750 mm, 127.0550 mm): Pad 2 [GND] of C9 on F.Cu
    @(122.0900 mm, 126.8050 mm): Pad 2 [GND] of R6 on F.Cu
[unconnected_items]: Missing connection between items
    Local override; Severity: error
    @(151.8250 mm, 138.5250 mm): PTH pad 12 [GND] of J8
    @(143.8300 mm, 140.7550 mm): Pad 2 [GND] of R21 on F.Cu
[unconnected_items]: Missing connection between items
    Local override; Severity: error
    @(151.7250 mm, 164.8250 mm): Pad 1 [GND] of U15 on F.Cu
    @(160.1300 mm, 164.7550 mm): Pad 2 [GND] of C58 on F.Cu
[unconnected_items]: Missing connection between items
    Local override; Severity: error
    @(151.2500 mm, 119.3062 mm): Pad 4 [GND] of U7 on F.Cu
    @(144.6450 mm, 113.6250 mm): Pad 2 [GND] of C8 on F.Cu
[unconnected_items]: Missing connection between items
    Local override; Severity: error
    @(79.6800 mm, 141.7550 mm): Pad 2 [GND] of C70 on F.Cu
    @(70.9825 mm, 142.9000 mm): Pad 3 [GND] of D34 on F.Cu
[unconnected_items]: Missing connection between items
    Local override; Severity: error
    @(272.4600 mm, 91.2500 mm): Pad 1 [GND] of U3 on F.Cu
    @(266.1400 mm, 97.8000 mm): PTH pad 41 [GND] of U3
[unconnected_items]: Missing connection between items
    Local override; Severity: error
    @(159.8750 mm, 150.9250 mm): Pad 2 [GND] of C46 on F.Cu
    @(154.3650 mm, 143.6050 mm): PTH pad 15 [GND] of J8
[unconnected_items]: Missing connection between items
    Local override; Severity: error
    @(203.4425 mm, 152.3450 mm): Pad 1 [GND] of D7 on F.Cu
    @(206.6450 mm, 143.6750 mm): Pad 2 [GND] of SW3 on F.Cu
[unconnected_items]: Missing connection between items
    Local override; Severity: error
    @(151.7250 mm, 165.8250 mm): Pad 3 [GND] of U15 on F.Cu
    @(156.4700 mm, 173.7750 mm): Pad 2 [GND] of D19 on F.Cu
[unconnected_items]: Missing connection between items
    Local override; Severity: error
    @(101.3050 mm, 96.6300 mm): Pad 3 [GND] of U11 on F.Cu
    @(110.6050 mm, 97.9000 mm): Pad 21 [GND] of U11 on F.Cu
[unconnected_items]: Missing connection between items
    Local override; Severity: error
    @(76.0000 mm, 120.1750 mm): Pad 2 [GND] of C3 on F.Cu
    @(77.3300 mm, 129.7550 mm): Pad 2 [GND] of C6 on F.Cu
[unconnected_items]: Missing connection between items
    Local override; Severity: error
    @(193.2750 mm, 94.0250 mm): Pad 2 [GND] of U10 on F.Cu
    @(184.1500 mm, 97.7600 mm): Pad 5 [GND] of U6 on F.Cu
[unconnected_items]: Missing connection between items
    Local override; Severity: error
    @(224.2600 mm, 177.9850 mm): Pad 2 [GND] of R91 on F.Cu
    @(223.3050 mm, 187.8100 mm): Pad 3 [GND] of Q4 on F.Cu
[unconnected_items]: Missing connection between items
    Local override; Severity: error
    @(106.2900 mm, 131.0550 mm): Pad 2 [GND] of C15 on F.Cu
    @(107.5875 mm, 140.9500 mm): Pad 1 [GND] of U2 on F.Cu
[unconnected_items]: Missing connection between items
    Local override; Severity: error
    @(159.8750 mm, 150.9250 mm): Pad 2 [GND] of C46 on F.Cu
    @(168.0200 mm, 156.7700 mm): Pad 11 [GND] of J7 on F.Cu
[unconnected_items]: Missing connection between items
    Local override; Severity: error
    @(227.0950 mm, 95.6750 mm): Pad 2 [GND] of SW1 on F.Cu
    @(218.2800 mm, 90.7550 mm): Pad 2 [GND] of C43 on F.Cu
[unconnected_items]: Missing connection between items
    Local override; Severity: error
    @(61.2000 mm, 145.7600 mm): Pad 5 [GND] of U23 on F.Cu
    @(70.9825 mm, 142.9000 mm): Pad 3 [GND] of D34 on F.Cu
[unconnected_items]: Missing connection between items
    Local override; Severity: error
    @(134.2800 mm, 145.3800 mm): Pad 2 [GND] of C26 on F.Cu
    @(143.8300 mm, 140.7550 mm): Pad 2 [GND] of R21 on F.Cu
[unconnected_items]: Missing connection between items
    Local override; Severity: error
    @(203.4425 mm, 152.3450 mm): Pad 1 [GND] of D7 on F.Cu
    @(193.0075 mm, 154.4000 mm): Pad 2 [GND] of Q1 on F.Cu
[unconnected_items]: Missing connection between items
    Local override; Severity: error
    @(167.3050 mm, 126.3600 mm): Pad 2 [GND] of U8 on F.Cu
    @(168.7500 mm, 115.3012 mm): Pad 2 [GND] of C28 on F.Cu
[unconnected_items]: Missing connection between items
    Local override; Severity: error
    @(250.9375 mm, 161.9000 mm): Pad 2 [GND] of U22 on F.Cu
    @(245.2350 mm, 152.3050 mm): Pad 2 [GND] of R31 on F.Cu
[unconnected_items]: Missing connection between items
    Local override; Severity: error
    @(265.4400 mm, 99.9000 mm): PTH pad 41 [GND] of U3
    @(272.4600 mm, 108.7500 mm): Pad 40 [GND] of U3 on F.Cu
[unconnected_items]: Missing connection between items
    Local override; Severity: error
    @(167.3050 mm, 127.6300 mm): Pad 3 [GND] of U8 on F.Cu
    @(167.3050 mm, 139.0600 mm): Pad 12 [GND] of U8 on F.Cu
[unconnected_items]: Missing connection between items
    Local override; Severity: error
    @(101.3050 mm, 96.6300 mm): Pad 3 [GND] of U11 on F.Cu
    @(101.3050 mm, 108.0600 mm): Pad 12 [GND] of U11 on F.Cu
[unconnected_items]: Missing connection between items
    Local override; Severity: error
    @(231.8100 mm, 117.7550 mm): Pad 2 [GND] of C33 on F.Cu
    @(230.3700 mm, 129.1050 mm): Pad 2 [GND] of C40 on F.Cu
[unconnected_items]: Missing connection between items
    Local override; Severity: error
    @(97.5750 mm, 174.2500 mm): Pad 15 [GND] of U13 on F.Cu
    @(85.7800 mm, 174.7850 mm): Pad 2 [GND] of C73 on F.Cu
[unconnected_items]: Missing connection between items
    Local override; Severity: error
    @(163.4750 mm, 103.2731 mm): Pad 2 [GND] of BT1 on F.Cu
    @(164.7400 mm, 115.3012 mm): Pad 2 [GND] of C27 on F.Cu
[unconnected_items]: Missing connection between items
    Local override; Severity: error
    @(211.2750 mm, 118.0050 mm): Pad 2 [GND] of C30 on F.Cu
    @(209.2750 mm, 106.0250 mm): Pad 9 [GND] of U10 on F.Cu
[unconnected_items]: Missing connection between items
    Local override; Severity: error
    @(77.3300 mm, 129.7550 mm): Pad 2 [GND] of C6 on F.Cu
    @(79.6800 mm, 141.7550 mm): Pad 2 [GND] of C70 on F.Cu
[unconnected_items]: Missing connection between items
    Local override; Severity: error
    @(177.8875 mm, 180.1750 mm): Pad 2 [GND] of R76 on F.Cu
    @(165.6100 mm, 179.9550 mm): Pad 2 [GND] of C59 on F.Cu
[unconnected_items]: Missing connection between items
    Local override; Severity: error
    @(185.8400 mm, 124.7550 mm): Pad 2 [GND] of C29 on F.Cu
    @(180.7350 mm, 135.9850 mm): PTH pad 5 [GND] of J4
[unconnected_items]: Missing connection between items
    Local override; Severity: error
    @(224.2600 mm, 199.9850 mm): Pad 2 [GND] of R97 on F.Cu
    @(215.8650 mm, 209.4750 mm): PTH pad 3 [GND] of J21
[unconnected_items]: Missing connection between items
    Local override; Severity: error
    @(81.3700 mm, 107.3250 mm): Pad 2 [GND] of D3 on F.Cu
    @(81.6500 mm, 120.1750 mm): Pad 2 [GND] of C4 on F.Cu
[unconnected_items]: Missing connection between items
    Local override; Severity: error
    @(109.9200 mm, 184.6050 mm): Pad 2 [GND] of C51 on F.Cu
    @(122.7300 mm, 187.8950 mm): Pad 2 [GND] of C56 on F.Cu
[unconnected_items]: Missing connection between items
    Local override; Severity: error
    @(257.1300 mm, 186.9750 mm): Pad 2 [GND] of D33 on F.Cu
    @(269.4750 mm, 192.0650 mm): PTH pad 3 [GND] of J24
[unconnected_items]: Missing connection between items
    Local override; Severity: error
    @(87.6950 mm, 106.6750 mm): Pad 2 [GND] of C2 on F.Cu
    @(101.3050 mm, 108.0600 mm): Pad 12 [GND] of U11 on F.Cu
[unconnected_items]: Missing connection between items
    Local override; Severity: error
    @(153.5175 mm, 180.1750 mm): Pad 2 [GND] of R73 on F.Cu
    @(140.3700 mm, 184.6050 mm): Pad 2 [GND] of C55 on F.Cu
[unconnected_items]: Missing connection between items
    Local override; Severity: error
    @(209.2750 mm, 92.0250 mm): Pad 16 [GND] of U10 on F.Cu
    @(209.2750 mm, 106.0250 mm): Pad 9 [GND] of U10 on F.Cu
[unconnected_items]: Missing connection between items
    Local override; Severity: error
    @(114.2150 mm, 104.2500 mm): Pad 9 [GND] of U12 on F.Cu
    @(124.1200 mm, 115.3750 mm): Pad 2 [GND] of D4 on F.Cu
[unconnected_items]: Missing connection between items
    Local override; Severity: error
    @(66.1100 mm, 98.5250 mm): Pad 2 [GND] of C1 on F.Cu
    @(50.5250 mm, 97.1450 mm): PTH pad 2 [GND] of J1
[unconnected_items]: Missing connection between items
    Local override; Severity: error
    @(209.2750 mm, 92.0250 mm): Pad 16 [GND] of U10 on F.Cu
    @(193.2750 mm, 92.0250 mm): Pad 1 [GND] of U10 on F.Cu
[unconnected_items]: Missing connection between items
    Local override; Severity: error
    @(128.4950 mm, 94.0050 mm): Pad 2 [GND] of C49 on F.Cu
    @(114.2150 mm, 104.2500 mm): Pad 9 [GND] of U12 on F.Cu
[unconnected_items]: Missing connection between items
    Local override; Severity: error
    @(275.0000 mm, 47.4000 mm): PTH pad 1 [GND] of H2
    @(272.4600 mm, 91.2500 mm): Pad 1 [GND] of U3 on F.Cu
[unconnected_items]: Missing connection between items
    Local override; Severity: error
    @(46.6971 mm, 213.3029 mm): PTH pad 1 [GND] of H3
    @(81.1050 mm, 182.3900 mm): Pad 1 [GND] of U24 on F.Cu
[unconnected_items]: Missing connection between items
    Local override; Severity: error
    @(50.5250 mm, 97.1450 mm): PTH pad 2 [GND] of J1
    @(45.0000 mm, 47.4000 mm): PTH pad 1 [GND] of H1
[unconnected_items]: Missing connection between items
    Local override; Severity: error
    @(50.5250 mm, 108.0650 mm): PTH pad 1 [/Power Supply/VIN_BAT_RAW] of J2
    @(66.4875 mm, 108.0550 mm): Pad 1 [/Power Supply/VIN_BAT_RAW] of F2 on F.Cu
[unconnected_items]: Missing connection between items
    Local override; Severity: error
    @(77.9550 mm, 96.3750 mm): Pad 2 [/Power Supply/VIN_MAIN_F] of D1 on F.Cu
    @(63.0125 mm, 108.0550 mm): Pad 2 [/Power Supply/VIN_MAIN_F] of F1 on F.Cu
[unconnected_items]: Missing connection between items
    Local override; Severity: error
    @(63.0125 mm, 108.0550 mm): Pad 2 [/Power Supply/VIN_MAIN_F] of F1 on F.Cu
    @(55.6800 mm, 129.7550 mm): Pad 1 [/Power Supply/VIN_MAIN_F] of R1 on F.Cu
[unconnected_items]: Missing connection between items
    Local override; Severity: error
    @(88.8500 mm, 96.3750 mm): Pad 2 [/Power Supply/VIN_BAT_F] of D2 on F.Cu
    @(73.2625 mm, 108.0550 mm): Pad 2 [/Power Supply/VIN_BAT_F] of F2 on F.Cu
[unconnected_items]: Missing connection between items
    Local override; Severity: error
    @(73.2625 mm, 108.0550 mm): Pad 2 [/Power Supply/VIN_BAT_F] of F2 on F.Cu
    @(67.7100 mm, 129.7550 mm): Pad 1 [/Power Supply/VIN_BAT_F] of R3 on F.Cu
[unconnected_items]: Missing connection between items
    Local override; Severity: error
    @(112.0750 mm, 127.0550 mm): Pad 1 [/Power Supply/VSYS] of C9 on F.Cu
    @(116.4300 mm, 126.8050 mm): Pad 1 [/Power Supply/VSYS] of R5 on F.Cu
[unconnected_items]: Missing connection between items
    Local override; Severity: error
    @(141.6950 mm, 113.6250 mm): Pad 1 [/Power Supply/VSYS] of C8 on F.Cu
    @(136.0450 mm, 113.6250 mm): Pad 1 [/Power Supply/VSYS] of C7 on F.Cu
[unconnected_items]: Missing connection between items
    Local override; Severity: error
    @(77.0700 mm, 107.3250 mm): Pad 1 [/Power Supply/VSYS] of D3 on F.Cu
    @(84.7450 mm, 106.6750 mm): Pad 1 [/Power Supply/VSYS] of C2 on F.Cu
[unconnected_items]: Missing connection between items
    Local override; Severity: error
    @(127.7200 mm, 114.2550 mm): Pad 2 [/Power Supply/VSYS] of U1 on F.Cu
    @(136.0450 mm, 113.6250 mm): Pad 1 [/Power Supply/VSYS] of C7 on F.Cu
[unconnected_items]: Missing connection between items
    Local override; Severity: error
    @(56.2375 mm, 122.0050 mm): Pad 1 [/Power Supply/VSYS] of F3 on F.Cu
    @(66.0875 mm, 120.9750 mm): Pad 1 [/Power Supply/VSYS] of F4 on F.Cu
[unconnected_items]: Missing connection between items
    Local override; Severity: error
    @(84.7450 mm, 106.6750 mm): Pad 1 [/Power Supply/VSYS] of C2 on F.Cu
    @(82.0500 mm, 96.3750 mm): Pad 1 [/Power Supply/VSYS] of D2 on F.Cu
[unconnected_items]: Missing connection between items
    Local override; Severity: error
    @(82.0500 mm, 96.3750 mm): Pad 1 [/Power Supply/VSYS] of D2 on F.Cu
    @(71.1550 mm, 96.3750 mm): Pad 1 [/Power Supply/VSYS] of D1 on F.Cu
[unconnected_items]: Missing connection between items
    Local override; Severity: error
    @(71.1550 mm, 96.3750 mm): Pad 1 [/Power Supply/VSYS] of D1 on F.Cu
    @(57.7100 mm, 98.5250 mm): Pad 1 [/Power Supply/VSYS] of C1 on F.Cu
[unconnected_items]: Missing connection between items
    Local override; Severity: error
    @(127.7200 mm, 114.2550 mm): Pad 2 [/Power Supply/VSYS] of U1 on F.Cu
    @(116.4300 mm, 126.8050 mm): Pad 1 [/Power Supply/VSYS] of R5 on F.Cu
[unconnected_items]: Missing connection between items
    Local override; Severity: error
    @(66.0875 mm, 120.9750 mm): Pad 1 [/Power Supply/VSYS] of F4 on F.Cu
    @(77.0700 mm, 107.3250 mm): Pad 1 [/Power Supply/VSYS] of D3 on F.Cu
[unconnected_items]: Missing connection between items
    Local override; Severity: error
    @(112.0750 mm, 127.0550 mm): Pad 1 [/Power Supply/VSYS] of C9 on F.Cu
    @(84.7450 mm, 106.6750 mm): Pad 1 [/Power Supply/VSYS] of C2 on F.Cu
[unconnected_items]: Missing connection between items
    Local override; Severity: error
    @(73.0500 mm, 120.1750 mm): Pad 1 [VFIELD] of C3 on F.Cu
    @(63.0125 mm, 122.0050 mm): Pad 2 [VFIELD] of F3 on F.Cu
[unconnected_items]: Missing connection between items
    Local override; Severity: error
    @(210.8300 mm, 176.0850 mm): Pad 1 [VFIELD] of C65 on F.Cu
    @(207.8400 mm, 164.9500 mm): Pad 8 [VFIELD] of U17 on F.Cu
[unconnected_items]: Missing connection between items
    Local override; Severity: error
    @(236.5350 mm, 191.8300 mm): Pad 1 [VFIELD] of D32 on F.Cu
    @(223.5000 mm, 191.8300 mm): Pad 1 [VFIELD] of D31 on F.Cu
[unconnected_items]: Missing connection between items
    Local override; Severity: error
    @(223.5000 mm, 169.8300 mm): Pad 1 [VFIELD] of D29 on F.Cu
    @(236.5350 mm, 169.8300 mm): Pad 1 [VFIELD] of D30 on F.Cu
[unconnected_items]: Missing connection between items
    Local override; Severity: error
    @(210.8300 mm, 176.0850 mm): Pad 1 [VFIELD] of C65 on F.Cu
    @(223.5000 mm, 169.8300 mm): Pad 1 [VFIELD] of D29 on F.Cu
[unconnected_items]: Missing connection between items
    Local override; Severity: error
    @(223.5000 mm, 191.8300 mm): Pad 1 [VFIELD] of D31 on F.Cu
    @(225.9950 mm, 209.4750 mm): PTH pad 1 [VFIELD] of J22
[unconnected_items]: Missing connection between items
    Local override; Severity: error
    @(246.2850 mm, 209.4750 mm): PTH pad 1 [VFIELD] of J23
    @(236.5350 mm, 191.8300 mm): Pad 1 [VFIELD] of D32 on F.Cu
[unconnected_items]: Missing connection between items
    Local override; Severity: error
    @(223.5000 mm, 191.8300 mm): Pad 1 [VFIELD] of D31 on F.Cu
    @(210.8300 mm, 176.0850 mm): Pad 1 [VFIELD] of C65 on F.Cu
[unconnected_items]: Missing connection between items
    Local override; Severity: error
    @(63.0125 mm, 122.0050 mm): Pad 2 [VFIELD] of F3 on F.Cu
    @(50.5250 mm, 146.0650 mm): PTH pad 1 [VFIELD] of J26
[unconnected_items]: Missing connection between items
    Local override; Severity: error
    @(207.8400 mm, 164.9500 mm): Pad 8 [VFIELD] of U17 on F.Cu
    @(73.0500 mm, 120.1750 mm): Pad 1 [VFIELD] of C3 on F.Cu
[unconnected_items]: Missing connection between items
    Local override; Severity: error
    @(78.7000 mm, 120.1750 mm): Pad 1 [VSENS] of C4 on F.Cu
    @(70.3625 mm, 120.9750 mm): Pad 2 [VSENS] of F4 on F.Cu
[unconnected_items]: Missing connection between items
    Local override; Severity: error
    @(154.9650 mm, 209.4750 mm): PTH pad 1 [VSENS] of J19
    @(180.3350 mm, 209.4750 mm): PTH pad 1 [VSENS] of J20
[unconnected_items]: Missing connection between items
    Local override; Severity: error
    @(78.7000 mm, 120.1750 mm): Pad 1 [VSENS] of C4 on F.Cu
    @(154.9650 mm, 209.4750 mm): PTH pad 1 [VSENS] of J19
[unconnected_items]: Missing connection between items
    Local override; Severity: error
    @(57.3300 mm, 129.7550 mm): Pad 2 [VIN_MAIN_SENSE] of R1 on F.Cu
    @(59.6900 mm, 129.7550 mm): Pad 1 [VIN_MAIN_SENSE] of R2 on F.Cu
[unconnected_items]: Missing connection between items
    Local override; Severity: error
    @(59.6900 mm, 129.7550 mm): Pad 1 [VIN_MAIN_SENSE] of R2 on F.Cu
    @(63.7500 mm, 129.7550 mm): Pad 1 [VIN_MAIN_SENSE] of C5 on F.Cu
[unconnected_items]: Missing connection between items
    Local override; Severity: error
    @(63.7500 mm, 129.7550 mm): Pad 1 [VIN_MAIN_SENSE] of C5 on F.Cu
    @(271.1900 mm, 108.7500 mm): Pad 39 [VIN_MAIN_SENSE] of U3 on F.Cu
[unconnected_items]: Missing connection between items
    Local override; Severity: error
    @(69.3600 mm, 129.7550 mm): Pad 2 [VIN_BAT_SENSE] of R3 on F.Cu
    @(71.7200 mm, 129.7550 mm): Pad 1 [VIN_BAT_SENSE] of R4 on F.Cu
[unconnected_items]: Missing connection between items
    Local override; Severity: error
    @(71.7200 mm, 129.7550 mm): Pad 1 [VIN_BAT_SENSE] of R4 on F.Cu
    @(75.7800 mm, 129.7550 mm): Pad 1 [VIN_BAT_SENSE] of C6 on F.Cu
[unconnected_items]: Missing connection between items
    Local override; Severity: error
    @(75.7800 mm, 129.7550 mm): Pad 1 [VIN_BAT_SENSE] of C6 on F.Cu
    @(269.9200 mm, 108.7500 mm): Pad 38 [VIN_BAT_SENSE] of U3 on F.Cu
[unconnected_items]: Missing connection between items
    Local override; Severity: error
    @(127.7200 mm, 112.9850 mm): Pad 1 [/Power Supply/BUCK5_BOOT] of U1 on F.Cu
    @(128.5100 mm, 126.8050 mm): Pad 1 [/Power Supply/BUCK5_BOOT] of C10 on F.Cu
[unconnected_items]: Missing connection between items
    Local override; Severity: error
    @(118.0800 mm, 126.8050 mm): Pad 2 [/Power Supply/BUCK5_EN] of R5 on F.Cu
    @(120.4400 mm, 126.8050 mm): Pad 1 [/Power Supply/BUCK5_EN] of R6 on F.Cu
[unconnected_items]: Missing connection between items
    Local override; Severity: error
    @(120.4400 mm, 126.8050 mm): Pad 1 [/Power Supply/BUCK5_EN] of R6 on F.Cu
    @(127.7200 mm, 115.5250 mm): Pad 3 [/Power Supply/BUCK5_EN] of U1 on F.Cu
[unconnected_items]: Missing connection between items
    Local override; Severity: error
    @(124.4500 mm, 126.8050 mm): Pad 1 [/Power Supply/BUCK5_RT] of R7 on F.Cu
    @(127.7200 mm, 116.7950 mm): Pad 4 [/Power Supply/BUCK5_RT] of U1 on F.Cu
[unconnected_items]: Missing connection between items
    Local override; Severity: error
    @(134.1200 mm, 126.8050 mm): Pad 2 [/Power Supply/BUCK5_FB] of R8 on F.Cu
    @(136.4800 mm, 126.8050 mm): Pad 1 [/Power Supply/BUCK5_FB] of R9 on F.Cu
[unconnected_items]: Missing connection between items
    Local override; Severity: error
    @(133.1200 mm, 116.7950 mm): Pad 5 [/Power Supply/BUCK5_FB] of U1 on F.Cu
    @(134.1200 mm, 126.8050 mm): Pad 2 [/Power Supply/BUCK5_FB] of R8 on F.Cu
[unconnected_items]: Missing connection between items
    Local override; Severity: error
    @(140.4900 mm, 126.8050 mm): Pad 1 [/Power Supply/BUCK5_COMP] of R10 on F.Cu
    @(133.1200 mm, 115.5250 mm): Pad 6 [/Power Supply/BUCK5_COMP] of U1 on F.Cu
[unconnected_items]: Missing connection between items
    Local override; Severity: error
    @(133.1200 mm, 115.5250 mm): Pad 6 [/Power Supply/BUCK5_COMP] of U1 on F.Cu
    @(100.7300 mm, 131.0550 mm): Pad 1 [/Power Supply/BUCK5_COMP] of C12 on F.Cu
[unconnected_items]: Missing connection between items
    Local override; Severity: error
    @(130.0600 mm, 126.8050 mm): Pad 2 [/Power Supply/BUCK5_SW] of C10 on F.Cu
    @(133.1200 mm, 112.9850 mm): Pad 8 [/Power Supply/BUCK5_SW] of U1 on F.Cu
[unconnected_items]: Missing connection between items
    Local override; Severity: error
    @(117.3200 mm, 115.3750 mm): Pad 1 [/Power Supply/BUCK5_SW] of D4 on F.Cu
    @(101.8250 mm, 118.5250 mm): Pad 1 [/Power Supply/BUCK5_SW] of L1 on F.Cu
[unconnected_items]: Missing connection between items
    Local override; Severity: error
    @(133.1200 mm, 112.9850 mm): Pad 8 [/Power Supply/BUCK5_SW] of U1 on F.Cu
    @(117.3200 mm, 115.3750 mm): Pad 1 [/Power Supply/BUCK5_SW] of D4 on F.Cu
[unconnected_items]: Missing connection between items
    Local override; Severity: error
    @(151.8250 mm, 125.8250 mm): PTH pad 2 [+5V] of J8
    @(154.3650 mm, 125.8250 mm): PTH pad 1 [+5V] of J8
[unconnected_items]: Missing connection between items
    Local override; Severity: error
    @(225.1425 mm, 173.5550 mm): Pad 5 [+5V] of U18 on F.Cu
    @(227.8100 mm, 173.3600 mm): Pad 1 [+5V] of C66 on F.Cu
[unconnected_items]: Missing connection between items
    Local override; Severity: error
    @(240.8450 mm, 173.3600 mm): Pad 1 [+5V] of C67 on F.Cu
    @(238.1775 mm, 173.5550 mm): Pad 5 [+5V] of U19 on F.Cu
[unconnected_items]: Missing connection between items
    Local override; Severity: error
    @(225.1425 mm, 195.5550 mm): Pad 5 [+5V] of U20 on F.Cu
    @(227.8100 mm, 195.3600 mm): Pad 1 [+5V] of C68 on F.Cu
[unconnected_items]: Missing connection between items
    Local override; Severity: error
    @(238.1775 mm, 195.5550 mm): Pad 5 [+5V] of U21 on F.Cu
    @(240.8450 mm, 195.3600 mm): Pad 1 [+5V] of C69 on F.Cu
[unconnected_items]: Missing connection between items
    Local override; Severity: error
    @(106.5000 mm, 127.6750 mm): Pad 1 [+5V] of C14 on F.Cu
    @(104.7400 mm, 131.0550 mm): Pad 1 [+5V] of C15 on F.Cu
[unconnected_items]: Missing connection between items
    Local override; Severity: error
    @(100.6800 mm, 147.3050 mm): Pad 1 [+5V] of R11 on F.Cu
    @(104.7400 mm, 147.3050 mm): Pad 1 [+5V] of C17 on F.Cu
[unconnected_items]: Missing connection between items
    Local override; Severity: error
    @(100.8500 mm, 127.6750 mm): Pad 1 [+5V] of C13 on F.Cu
    @(104.7400 mm, 131.0550 mm): Pad 1 [+5V] of C15 on F.Cu
[unconnected_items]: Missing connection between items
    Local override; Severity: error
    @(104.7400 mm, 147.3050 mm): Pad 1 [+5V] of C17 on F.Cu
    @(107.5875 mm, 142.8500 mm): Pad 3 [+5V] of U2 on F.Cu
[unconnected_items]: Missing connection between items
    Local override; Severity: error
    @(150.7300 mm, 157.2050 mm): Pad 1 [+5V] of C47 on F.Cu
    @(152.4750 mm, 150.9250 mm): Pad 1 [+5V] of C46 on F.Cu
[unconnected_items]: Missing connection between items
    Local override; Severity: error
    @(152.4750 mm, 150.9250 mm): Pad 1 [+5V] of C46 on F.Cu
    @(151.8250 mm, 143.6050 mm): PTH pad 16 [+5V] of J8
[unconnected_items]: Missing connection between items
    Local override; Severity: error
    @(194.4750 mm, 144.2750 mm): PTH pad 1 [+5V] of BZ1
    @(197.6600 mm, 152.7250 mm): Pad 1 [+5V] of D10 on F.Cu
[unconnected_items]: Missing connection between items
    Local override; Severity: error
    @(227.8100 mm, 173.3600 mm): Pad 1 [+5V] of C66 on F.Cu
    @(238.1775 mm, 173.5550 mm): Pad 5 [+5V] of U19 on F.Cu
[unconnected_items]: Missing connection between items
    Local override; Severity: error
    @(238.1775 mm, 195.5550 mm): Pad 5 [+5V] of U21 on F.Cu
    @(227.8100 mm, 195.3600 mm): Pad 1 [+5V] of C68 on F.Cu
[unconnected_items]: Missing connection between items
    Local override; Severity: error
    @(123.5150 mm, 104.2500 mm): Pad 10 [+5V] of U12 on F.Cu
    @(126.5950 mm, 94.0050 mm): Pad 1 [+5V] of C49 on F.Cu
[unconnected_items]: Missing connection between items
    Local override; Severity: error
    @(106.5000 mm, 127.6750 mm): Pad 1 [+5V] of C14 on F.Cu
    @(112.9250 mm, 118.5250 mm): Pad 2 [+5V] of L1 on F.Cu
[unconnected_items]: Missing connection between items
    Local override; Severity: error
    @(104.7400 mm, 131.0550 mm): Pad 1 [+5V] of C15 on F.Cu
    @(107.5875 mm, 142.8500 mm): Pad 3 [+5V] of U2 on F.Cu
[unconnected_items]: Missing connection between items
    Local override; Severity: error
    @(126.5950 mm, 94.0050 mm): Pad 1 [+5V] of C49 on F.Cu
    @(135.7300 mm, 84.7550 mm): Pad 1 [+5V] of R52 on F.Cu
[unconnected_items]: Missing connection between items
    Local override; Severity: error
    @(107.5875 mm, 142.8500 mm): Pad 3 [+5V] of U2 on F.Cu
    @(123.8750 mm, 141.0050 mm): Pad 1 [+5V] of C16 on F.Cu
[unconnected_items]: Missing connection between items
    Local override; Severity: error
    @(132.4700 mm, 126.8050 mm): Pad 1 [+5V] of R8 on F.Cu
    @(123.8750 mm, 141.0050 mm): Pad 1 [+5V] of C16 on F.Cu
[unconnected_items]: Missing connection between items
    Local override; Severity: error
    @(71.0250 mm, 71.6250 mm): PTH pad 2 [+5V] of K1
    @(60.7300 mm, 84.7550 mm): Pad 1 [+5V] of R49 on F.Cu
[unconnected_items]: Missing connection between items
    Local override; Severity: error
    @(121.0250 mm, 71.6250 mm): PTH pad 2 [+5V] of K3
    @(110.7300 mm, 84.7550 mm): Pad 1 [+5V] of R51 on F.Cu
[unconnected_items]: Missing connection between items
    Local override; Severity: error
    @(185.7300 mm, 84.7550 mm): Pad 1 [+5V] of R54 on F.Cu
    @(196.0250 mm, 71.6250 mm): PTH pad 2 [+5V] of K6
[unconnected_items]: Missing connection between items
    Local override; Severity: error
    @(96.0250 mm, 71.6250 mm): PTH pad 2 [+5V] of K2
    @(85.7300 mm, 84.7550 mm): Pad 1 [+5V] of R50 on F.Cu
[unconnected_items]: Missing connection between items
    Local override; Severity: error
    @(210.7300 mm, 84.7550 mm): Pad 1 [+5V] of R55 on F.Cu
    @(221.0250 mm, 71.6250 mm): PTH pad 2 [+5V] of K7
[unconnected_items]: Missing connection between items
    Local override; Severity: error
    @(171.0250 mm, 71.6250 mm): PTH pad 2 [+5V] of K5
    @(160.7300 mm, 84.7550 mm): Pad 1 [+5V] of R53 on F.Cu
[unconnected_items]: Missing connection between items
    Local override; Severity: error
    @(235.7300 mm, 84.7550 mm): Pad 1 [+5V] of R56 on F.Cu
    @(246.0250 mm, 71.6250 mm): PTH pad 2 [+5V] of K8
[unconnected_items]: Missing connection between items
    Local override; Severity: error
    @(135.7300 mm, 84.7550 mm): Pad 1 [+5V] of R52 on F.Cu
    @(146.0250 mm, 71.6250 mm): PTH pad 2 [+5V] of K4
[unconnected_items]: Missing connection between items
    Local override; Severity: error
    @(123.5150 mm, 104.2500 mm): Pad 10 [+5V] of U12 on F.Cu
    @(112.9250 mm, 118.5250 mm): Pad 2 [+5V] of L1 on F.Cu
[unconnected_items]: Missing connection between items
    Local override; Severity: error
    @(151.8250 mm, 143.6050 mm): PTH pad 16 [+5V] of J8
    @(151.8250 mm, 125.8250 mm): PTH pad 2 [+5V] of J8
[unconnected_items]: Missing connection between items
    Local override; Severity: error
    @(126.5950 mm, 94.0050 mm): Pad 1 [+5V] of C49 on F.Cu
    @(110.7300 mm, 84.7550 mm): Pad 1 [+5V] of R51 on F.Cu
[unconnected_items]: Missing connection between items
    Local override; Severity: error
    @(132.4700 mm, 126.8050 mm): Pad 1 [+5V] of R8 on F.Cu
    @(151.8250 mm, 125.8250 mm): PTH pad 2 [+5V] of J8
[unconnected_items]: Missing connection between items
    Local override; Severity: error
    @(196.0250 mm, 71.6250 mm): PTH pad 2 [+5V] of K6
    @(210.7300 mm, 84.7550 mm): Pad 1 [+5V] of R55 on F.Cu
[unconnected_items]: Missing connection between items
    Local override; Severity: error
    @(235.7300 mm, 84.7550 mm): Pad 1 [+5V] of R56 on F.Cu
    @(221.0250 mm, 71.6250 mm): PTH pad 2 [+5V] of K7
[unconnected_items]: Missing connection between items
    Local override; Severity: error
    @(96.0250 mm, 71.6250 mm): PTH pad 2 [+5V] of K2
    @(110.7300 mm, 84.7550 mm): Pad 1 [+5V] of R51 on F.Cu
[unconnected_items]: Missing connection between items
    Local override; Severity: error
    @(171.0250 mm, 71.6250 mm): PTH pad 2 [+5V] of K5
    @(185.7300 mm, 84.7550 mm): Pad 1 [+5V] of R54 on F.Cu
[unconnected_items]: Missing connection between items
    Local override; Severity: error
    @(160.7300 mm, 84.7550 mm): Pad 1 [+5V] of R53 on F.Cu
    @(146.0250 mm, 71.6250 mm): PTH pad 2 [+5V] of K4
[unconnected_items]: Missing connection between items
    Local override; Severity: error
    @(85.7300 mm, 84.7550 mm): Pad 1 [+5V] of R50 on F.Cu
    @(71.0250 mm, 71.6250 mm): PTH pad 2 [+5V] of K1
[unconnected_items]: Missing connection between items
    Local override; Severity: error
    @(240.8450 mm, 173.3600 mm): Pad 1 [+5V] of C67 on F.Cu
    @(249.5700 mm, 154.7750 mm): Pad 1 [+5V] of D6 on F.Cu
[unconnected_items]: Missing connection between items
    Local override; Severity: error
    @(238.1775 mm, 173.5550 mm): Pad 5 [+5V] of U19 on F.Cu
    @(240.8450 mm, 195.3600 mm): Pad 1 [+5V] of C69 on F.Cu
[unconnected_items]: Missing connection between items
    Local override; Severity: error
    @(197.6600 mm, 152.7250 mm): Pad 1 [+5V] of D10 on F.Cu
    @(225.1425 mm, 173.5550 mm): Pad 5 [+5V] of U18 on F.Cu
[unconnected_items]: Missing connection between items
    Local override; Severity: error
    @(152.4750 mm, 150.9250 mm): Pad 1 [+5V] of C46 on F.Cu
    @(194.4750 mm, 144.2750 mm): PTH pad 1 [+5V] of BZ1
[unconnected_items]: Missing connection between items
    Local override; Severity: error
    @(142.1400 mm, 126.8050 mm): Pad 2 [/Power Supply/BUCK5_CC] of R10 on F.Cu
    @(144.5500 mm, 126.8050 mm): Pad 1 [/Power Supply/BUCK5_CC] of C11 on F.Cu
[unconnected_items]: Missing connection between items
    Local override; Severity: error
    @(110.3000 mm, 147.3050 mm): Pad 2 [/Power Supply/BUCK3_SW] of C18 on F.Cu
    @(107.5875 mm, 141.9000 mm): Pad 2 [/Power Supply/BUCK3_SW] of U2 on F.Cu
[unconnected_items]: Missing connection between items
    Local override; Severity: error
    @(107.5875 mm, 141.9000 mm): Pad 2 [/Power Supply/BUCK3_SW] of U2 on F.Cu
    @(101.0250 mm, 142.7750 mm): Pad 1 [/Power Supply/BUCK3_SW] of L2 on F.Cu
[unconnected_items]: Missing connection between items
    Local override; Severity: error
    @(114.3600 mm, 147.3050 mm): Pad 2 [/Power Supply/BUCK3_FB] of R12 on F.Cu
    @(116.7200 mm, 147.3050 mm): Pad 1 [/Power Supply/BUCK3_FB] of R13 on F.Cu
[unconnected_items]: Missing connection between items
    Local override; Severity: error
    @(109.8625 mm, 142.8500 mm): Pad 4 [/Power Supply/BUCK3_FB] of U2 on F.Cu
    @(114.3600 mm, 147.3050 mm): Pad 2 [/Power Supply/BUCK3_FB] of R12 on F.Cu
[unconnected_items]: Missing connection between items
    Local override; Severity: error
    @(102.3300 mm, 147.3050 mm): Pad 2 [/Power Supply/BUCK3_EN] of R11 on F.Cu
    @(109.8625 mm, 141.9000 mm): Pad 5 [/Power Supply/BUCK3_EN] of U2 on F.Cu
[unconnected_items]: Missing connection between items
    Local override; Severity: error
    @(108.7500 mm, 147.3050 mm): Pad 1 [/Power Supply/BUCK3_BST] of C18 on F.Cu
    @(109.8625 mm, 140.9500 mm): Pad 6 [/Power Supply/BUCK3_BST] of U2 on F.Cu
[unconnected_items]: Missing connection between items
    Local override; Severity: error
    @(195.9250 mm, 118.0125 mm): Pad 45 [+3V3] of U9 on F.Cu
    @(196.4250 mm, 118.0125 mm): Pad 44 [+3V3] of U9 on F.Cu
[unconnected_items]: Missing connection between items
    Local override; Severity: error
    @(196.9250 mm, 118.0125 mm): Pad 43 [+3V3] of U9 on F.Cu
    @(196.4250 mm, 118.0125 mm): Pad 44 [+3V3] of U9 on F.Cu
[unconnected_items]: Missing connection between items
    Local override; Severity: error
    @(184.6800 mm, 144.7650 mm): Pad 1 [+3V3] of R42 on F.Cu
    @(184.6800 mm, 147.2750 mm): Pad 1 [+3V3] of R43 on F.Cu
[unconnected_items]: Missing connection between items
    Local override; Severity: error
    @(184.6800 mm, 147.2750 mm): Pad 1 [+3V3] of R43 on F.Cu
    @(184.6800 mm, 149.7850 mm): Pad 1 [+3V3] of R44 on F.Cu
[unconnected_items]: Missing connection between items
    Local override; Severity: error
    @(184.6800 mm, 152.2950 mm): Pad 1 [+3V3] of R45 on F.Cu
    @(184.6800 mm, 154.8050 mm): Pad 1 [+3V3] of R46 on F.Cu
[unconnected_items]: Missing connection between items
    Local override; Severity: error
    @(184.6800 mm, 149.7850 mm): Pad 1 [+3V3] of R44 on F.Cu
    @(184.6800 mm, 152.2950 mm): Pad 1 [+3V3] of R45 on F.Cu
[unconnected_items]: Missing connection between items
    Local override; Severity: error
    @(84.2300 mm, 172.2750 mm): Pad 1 [+3V3] of C72 on F.Cu
    @(84.2300 mm, 174.7850 mm): Pad 1 [+3V3] of C73 on F.Cu
[unconnected_items]: Missing connection between items
    Local override; Severity: error
    @(184.7300 mm, 157.3150 mm): Pad 1 [+3V3] of C45 on F.Cu
    @(184.6800 mm, 154.8050 mm): Pad 1 [+3V3] of R46 on F.Cu
[unconnected_items]: Missing connection between items
    Local override; Severity: error
    @(84.2750 mm, 169.5150 mm): Pad 1 [+3V3] of C71 on F.Cu
    @(84.2300 mm, 172.2750 mm): Pad 1 [+3V3] of C72 on F.Cu
[unconnected_items]: Missing connection between items
    Local override; Severity: error
    @(184.6800 mm, 144.7650 mm): Pad 1 [+3V3] of R42 on F.Cu
    @(184.7750 mm, 142.0050 mm): Pad 1 [+3V3] of C44 on F.Cu
[unconnected_items]: Missing connection between items
    Local override; Severity: error
    @(226.6800 mm, 101.6150 mm): Pad 1 [+3V3] of R18 on F.Cu
    @(226.7750 mm, 98.8550 mm): Pad 1 [+3V3] of C22 on F.Cu
[unconnected_items]: Missing connection between items
    Local override; Severity: error
    @(156.0250 mm, 165.8250 mm): Pad 8 [+3V3] of U15 on F.Cu
    @(158.5800 mm, 164.7550 mm): Pad 1 [+3V3] of C58 on F.Cu
[unconnected_items]: Missing connection between items
    Local override; Severity: error
    @(253.2125 mm, 161.9000 mm): Pad 5 [+3V3] of U22 on F.Cu
    @(255.9175 mm, 160.9750 mm): Pad 1 [+3V3] of F10 on F.Cu
[unconnected_items]: Missing connection between items
    Local override; Severity: error
    @(159.1300 mm, 115.3012 mm): Pad 1 [+3V3] of R22 on F.Cu
    @(156.2000 mm, 115.4962 mm): Pad 8 [+3V3] of U7 on F.Cu
[unconnected_items]: Missing connection between items
    Local override; Severity: error
    @(84.2300 mm, 172.2750 mm): Pad 1 [+3V3] of C72 on F.Cu
    @(81.1050 mm, 173.5000 mm): Pad 8 [+3V3] of U24 on F.Cu
[unconnected_items]: Missing connection between items
    Local override; Severity: error
    @(126.7400 mm, 184.6050 mm): Pad 1 [+3V3] of R66 on F.Cu
    @(125.1400 mm, 187.8950 mm): Pad 1 [+3V3] of R72 on F.Cu
[unconnected_items]: Missing connection between items
    Local override; Severity: error
    @(96.2900 mm, 184.6050 mm): Pad 1 [+3V3] of R58 on F.Cu
    @(94.6900 mm, 187.8950 mm): Pad 1 [+3V3] of R64 on F.Cu
[unconnected_items]: Missing connection between items
    Local override; Severity: error
    @(180.7350 mm, 125.8250 mm): PTH pad 1 [+3V3] of J4
    @(184.2900 mm, 124.7550 mm): Pad 1 [+3V3] of C29 on F.Cu
[unconnected_items]: Missing connection between items
    Local override; Severity: error
    @(176.6050 mm, 125.0900 mm): Pad 24 [+3V3] of U8 on F.Cu
    @(176.6050 mm, 128.9000 mm): Pad 21 [+3V3] of U8 on F.Cu
[unconnected_items]: Missing connection between items
    Local override; Severity: error
    @(231.1800 mm, 98.6050 mm): Pad 1 [+3V3] of C23 on F.Cu
    @(235.1400 mm, 98.6050 mm): Pad 1 [+3V3] of R15 on F.Cu
[unconnected_items]: Missing connection between items
    Local override; Severity: error
    @(188.2500 mm, 124.7550 mm): Pad 1 [+3V3] of R23 on F.Cu
    @(184.2900 mm, 124.7550 mm): Pad 1 [+3V3] of C29 on F.Cu
[unconnected_items]: Missing connection between items
    Local override; Severity: error
    @(220.6900 mm, 90.7550 mm): Pad 1 [+3V3] of R41 on F.Cu
    @(216.7300 mm, 90.7550 mm): Pad 1 [+3V3] of C43 on F.Cu
[unconnected_items]: Missing connection between items
    Local override; Severity: error
    @(235.5650 mm, 152.3050 mm): Pad 1 [+3V3] of R29 on F.Cu
    @(231.5550 mm, 152.3050 mm): Pad 1 [+3V3] of R28 on F.Cu
[unconnected_items]: Missing connection between items
    Local override; Severity: error
    @(236.7900 mm, 129.1050 mm): Pad 1 [+3V3] of R39 on F.Cu
    @(240.8000 mm, 129.1050 mm): Pad 1 [+3V3] of R40 on F.Cu
[unconnected_items]: Missing connection between items
    Local override; Severity: error
    @(223.5350 mm, 152.3050 mm): Pad 1 [+3V3] of R26 on F.Cu
    @(219.5250 mm, 152.3050 mm): Pad 1 [+3V3] of R25 on F.Cu
[unconnected_items]: Missing connection between items
    Local override; Severity: error
    @(167.2000 mm, 115.3012 mm): Pad 1 [+3V3] of C28 on F.Cu
    @(163.1900 mm, 115.3012 mm): Pad 1 [+3V3] of C27 on F.Cu
[unconnected_items]: Missing connection between items
    Local override; Severity: error
    @(247.1700 mm, 98.6050 mm): Pad 1 [+3V3] of R17 on F.Cu
    @(243.1600 mm, 98.6050 mm): Pad 1 [+3V3] of R16 on F.Cu
[unconnected_items]: Missing connection between items
    Local override; Severity: error
    @(215.5150 mm, 152.3050 mm): Pad 1 [+3V3] of R24 on F.Cu
    @(219.5250 mm, 152.3050 mm): Pad 1 [+3V3] of R25 on F.Cu
[unconnected_items]: Missing connection between items
    Local override; Severity: error
    @(204.7100 mm, 129.1050 mm): Pad 1 [+3V3] of R34 on F.Cu
    @(200.7000 mm, 129.1050 mm): Pad 1 [+3V3] of R33 on F.Cu
[unconnected_items]: Missing connection between items
    Local override; Severity: error
    @(159.1300 mm, 115.3012 mm): Pad 1 [+3V3] of R22 on F.Cu
    @(163.1900 mm, 115.3012 mm): Pad 1 [+3V3] of C27 on F.Cu
[unconnected_items]: Missing connection between items
    Local override; Severity: error
    @(176.6050 mm, 125.0900 mm): Pad 24 [+3V3] of U8 on F.Cu
    @(180.7350 mm, 125.8250 mm): PTH pad 1 [+3V3] of J4
[unconnected_items]: Missing connection between items
    Local override; Severity: error
    @(226.7750 mm, 98.8550 mm): Pad 1 [+3V3] of C22 on F.Cu
    @(231.1800 mm, 98.6050 mm): Pad 1 [+3V3] of C23 on F.Cu
[unconnected_items]: Missing connection between items
    Local override; Severity: error
    @(202.4150 mm, 176.3350 mm): Pad 1 [+3V3] of C64 on F.Cu
    @(206.8200 mm, 176.0850 mm): Pad 1 [+3V3] of C63 on F.Cu
[unconnected_items]: Missing connection between items
    Local override; Severity: error
    @(216.7300 mm, 90.7550 mm): Pad 1 [+3V3] of C43 on F.Cu
    @(212.3250 mm, 91.0050 mm): Pad 1 [+3V3] of C42 on F.Cu
[unconnected_items]: Missing connection between items
    Local override; Severity: error
    @(132.9375 mm, 140.9500 mm): Pad 1 [+3V3] of U5 on F.Cu
    @(132.7300 mm, 145.3800 mm): Pad 1 [+3V3] of C26 on F.Cu
[unconnected_items]: Missing connection between items
    Local override; Severity: error
    @(118.3000 mm, 141.1750 mm): Pad 1 [+3V3] of C20 on F.Cu
    @(112.6500 mm, 141.1750 mm): Pad 1 [+3V3] of C19 on F.Cu
[unconnected_items]: Missing connection between items
    Local override; Severity: error
    @(201.3375 mm, 123.4250 mm): Pad 28 [+3V3] of U9 on F.Cu
    @(200.7000 mm, 129.1050 mm): Pad 1 [+3V3] of R33 on F.Cu
[unconnected_items]: Missing connection between items
    Local override; Severity: error
    @(210.7100 mm, 171.4550 mm): Pad 1 [+3V3] of U16 on F.Cu
    @(206.8200 mm, 176.0850 mm): Pad 1 [+3V3] of C63 on F.Cu
[unconnected_items]: Missing connection between items
    Local override; Severity: error
    @(112.7100 mm, 147.3050 mm): Pad 1 [+3V3] of R12 on F.Cu
    @(112.6500 mm, 141.1750 mm): Pad 1 [+3V3] of C19 on F.Cu
[unconnected_items]: Missing connection between items
    Local override; Severity: error
    @(118.3000 mm, 141.1750 mm): Pad 1 [+3V3] of C20 on F.Cu
    @(120.7300 mm, 147.3050 mm): Pad 1 [+3V3] of R14 on F.Cu
[unconnected_items]: Missing connection between items
    Local override; Severity: error
    @(196.9250 mm, 118.0125 mm): Pad 43 [+3V3] of U9 on F.Cu
    @(201.3375 mm, 123.4250 mm): Pad 28 [+3V3] of U9 on F.Cu
[unconnected_items]: Missing connection between items
    Local override; Severity: error
    @(81.1050 mm, 181.1200 mm): Pad 2 [+3V3] of U24 on F.Cu
    @(84.2300 mm, 174.7850 mm): Pad 1 [+3V3] of C73 on F.Cu
[unconnected_items]: Missing connection between items
    Local override; Severity: error
    @(158.7000 mm, 157.2050 mm): Pad 1 [+3V3] of R48 on F.Cu
    @(158.5800 mm, 164.7550 mm): Pad 1 [+3V3] of C58 on F.Cu
[unconnected_items]: Missing connection between items
    Local override; Severity: error
    @(249.0750 mm, 91.0050 mm): Pad 1 [+3V3] of C21 on F.Cu
    @(247.1700 mm, 98.6050 mm): Pad 1 [+3V3] of R17 on F.Cu
[unconnected_items]: Missing connection between items
    Local override; Severity: error
    @(86.1000 mm, 141.7550 mm): Pad 1 [+3V3] of R107 on F.Cu
    @(78.1300 mm, 141.7550 mm): Pad 1 [+3V3] of C70 on F.Cu
[unconnected_items]: Missing connection between items
    Local override; Severity: error
    @(223.5350 mm, 152.3050 mm): Pad 1 [+3V3] of R26 on F.Cu
    @(231.5550 mm, 152.3050 mm): Pad 1 [+3V3] of R28 on F.Cu
[unconnected_items]: Missing connection between items
    Local override; Severity: error
    @(96.2900 mm, 184.6050 mm): Pad 1 [+3V3] of R58 on F.Cu
    @(104.3100 mm, 184.6050 mm): Pad 1 [+3V3] of R60 on F.Cu
[unconnected_items]: Missing connection between items
    Local override; Severity: error
    @(142.7800 mm, 184.6050 mm): Pad 1 [+3V3] of R70 on F.Cu
    @(134.7600 mm, 184.6050 mm): Pad 1 [+3V3] of R68 on F.Cu
[unconnected_items]: Missing connection between items
    Local override; Severity: error
    @(134.7600 mm, 184.6050 mm): Pad 1 [+3V3] of R68 on F.Cu
    @(126.7400 mm, 184.6050 mm): Pad 1 [+3V3] of R66 on F.Cu
[unconnected_items]: Missing connection between items
    Local override; Severity: error
    @(104.3100 mm, 184.6050 mm): Pad 1 [+3V3] of R60 on F.Cu
    @(112.3300 mm, 184.6050 mm): Pad 1 [+3V3] of R62 on F.Cu
[unconnected_items]: Missing connection between items
    Local override; Severity: error
    @(243.1600 mm, 98.6050 mm): Pad 1 [+3V3] of R16 on F.Cu
    @(235.1400 mm, 98.6050 mm): Pad 1 [+3V3] of R15 on F.Cu
[unconnected_items]: Missing connection between items
    Local override; Severity: error
    @(104.6250 mm, 142.7750 mm): Pad 2 [+3V3] of L2 on F.Cu
    @(112.6500 mm, 141.1750 mm): Pad 1 [+3V3] of C19 on F.Cu
[unconnected_items]: Missing connection between items
    Local override; Severity: error
    @(250.7675 mm, 186.9750 mm): Pad 1 [+3V3] of F9 on F.Cu
    @(259.3850 mm, 186.7550 mm): Pad 1 [+3V3] of R103 on F.Cu
[unconnected_items]: Missing connection between items
    Local override; Severity: error
    @(226.7750 mm, 98.8550 mm): Pad 1 [+3V3] of C22 on F.Cu
    @(220.6900 mm, 90.7550 mm): Pad 1 [+3V3] of R41 on F.Cu
[unconnected_items]: Missing connection between items
    Local override; Severity: error
    @(188.2500 mm, 124.7550 mm): Pad 1 [+3V3] of R23 on F.Cu
    @(195.9250 mm, 118.0125 mm): Pad 45 [+3V3] of U9 on F.Cu
[unconnected_items]: Missing connection between items
    Local override; Severity: error
    @(174.3200 mm, 142.1200 mm): Pad 4 [+3V3] of J7 on F.Cu
    @(184.7750 mm, 142.0050 mm): Pad 1 [+3V3] of C44 on F.Cu
[unconnected_items]: Missing connection between items
    Local override; Severity: error
    @(235.5650 mm, 152.3050 mm): Pad 1 [+3V3] of R29 on F.Cu
    @(240.8250 mm, 142.3650 mm): PTH pad 2 [+3V3] of J5
[unconnected_items]: Missing connection between items
    Local override; Severity: error
    @(234.2700 mm, 117.7550 mm): Pad 1 [+3V3] of C34 on F.Cu
    @(236.7900 mm, 129.1050 mm): Pad 1 [+3V3] of R39 on F.Cu
[unconnected_items]: Missing connection between items
    Local override; Severity: error
    @(164.6525 mm, 174.8500 mm): Pad 2 [+3V3] of D20 on F.Cu
    @(158.5800 mm, 164.7550 mm): Pad 1 [+3V3] of C58 on F.Cu
[unconnected_items]: Missing connection between items
    Local override; Severity: error
    @(132.7300 mm, 145.3800 mm): Pad 1 [+3V3] of C26 on F.Cu
    @(120.7300 mm, 147.3050 mm): Pad 1 [+3V3] of R14 on F.Cu
[unconnected_items]: Missing connection between items
    Local override; Severity: error
    @(164.6525 mm, 174.8500 mm): Pad 2 [+3V3] of D20 on F.Cu
    @(164.6525 mm, 187.8500 mm): Pad 2 [+3V3] of D24 on F.Cu
[unconnected_items]: Missing connection between items
    Local override; Severity: error
    @(189.0225 mm, 187.8500 mm): Pad 2 [+3V3] of D26 on F.Cu
    @(189.0225 mm, 174.8500 mm): Pad 2 [+3V3] of D22 on F.Cu
[unconnected_items]: Missing connection between items
    Local override; Severity: error
    @(112.3300 mm, 184.6050 mm): Pad 1 [+3V3] of R62 on F.Cu
    @(125.1400 mm, 187.8950 mm): Pad 1 [+3V3] of R72 on F.Cu
[unconnected_items]: Missing connection between items
    Local override; Severity: error
    @(240.8000 mm, 129.1050 mm): Pad 1 [+3V3] of R40 on F.Cu
    @(240.8250 mm, 142.3650 mm): PTH pad 2 [+3V3] of J5
[unconnected_items]: Missing connection between items
    Local override; Severity: error
    @(176.6050 mm, 128.9000 mm): Pad 21 [+3V3] of U8 on F.Cu
    @(174.3200 mm, 142.1200 mm): Pad 4 [+3V3] of J7 on F.Cu
[unconnected_items]: Missing connection between items
    Local override; Severity: error
    @(202.4150 mm, 176.3350 mm): Pad 1 [+3V3] of C64 on F.Cu
    @(189.0225 mm, 174.8500 mm): Pad 2 [+3V3] of D22 on F.Cu
[unconnected_items]: Missing connection between items
    Local override; Severity: error
    @(167.2000 mm, 115.3012 mm): Pad 1 [+3V3] of C28 on F.Cu
    @(176.6050 mm, 125.0900 mm): Pad 24 [+3V3] of U8 on F.Cu
[unconnected_items]: Missing connection between items
    Local override; Severity: error
    @(193.2750 mm, 96.0250 mm): Pad 3 [+3V3] of U10 on F.Cu
    @(179.2000 mm, 95.2200 mm): Pad 2 [+3V3] of U6 on F.Cu
[unconnected_items]: Missing connection between items
    Local override; Severity: error
    @(81.1050 mm, 181.1200 mm): Pad 2 [+3V3] of U24 on F.Cu
    @(94.6900 mm, 187.8950 mm): Pad 1 [+3V3] of R64 on F.Cu
[unconnected_items]: Missing connection between items
    Local override; Severity: error
    @(218.2175 mm, 117.7550 mm): Pad 1 [+3V3] of FB1 on F.Cu
    @(234.2700 mm, 117.7550 mm): Pad 1 [+3V3] of C34 on F.Cu
[unconnected_items]: Missing connection between items
    Local override; Severity: error
    @(78.1300 mm, 141.7550 mm): Pad 1 [+3V3] of C70 on F.Cu
    @(61.2000 mm, 141.9500 mm): Pad 8 [+3V3] of U23 on F.Cu
[unconnected_items]: Missing connection between items
    Local override; Severity: error
    @(226.6800 mm, 101.6150 mm): Pad 1 [+3V3] of R18 on F.Cu
    @(234.2700 mm, 117.7550 mm): Pad 1 [+3V3] of C34 on F.Cu
[unconnected_items]: Missing connection between items
    Local override; Severity: error
    @(189.0225 mm, 174.8500 mm): Pad 2 [+3V3] of D22 on F.Cu
    @(184.7300 mm, 157.3150 mm): Pad 1 [+3V3] of C45 on F.Cu
[unconnected_items]: Missing connection between items
    Local override; Severity: error
    @(86.1000 mm, 141.7550 mm): Pad 1 [+3V3] of R107 on F.Cu
    @(104.6250 mm, 142.7750 mm): Pad 2 [+3V3] of L2 on F.Cu
[unconnected_items]: Missing connection between items
    Local override; Severity: error
    @(154.3650 mm, 138.5250 mm): PTH pad 11 [+3V3] of J8
    @(158.7000 mm, 157.2050 mm): Pad 1 [+3V3] of R48 on F.Cu
[unconnected_items]: Missing connection between items
    Local override; Severity: error
    @(193.2750 mm, 96.0250 mm): Pad 3 [+3V3] of U10 on F.Cu
    @(212.3250 mm, 91.0050 mm): Pad 1 [+3V3] of C42 on F.Cu
[unconnected_items]: Missing connection between items
    Local override; Severity: error
    @(235.5650 mm, 152.3050 mm): Pad 1 [+3V3] of R29 on F.Cu
    @(253.2125 mm, 161.9000 mm): Pad 5 [+3V3] of U22 on F.Cu
[unconnected_items]: Missing connection between items
    Local override; Severity: error
    @(131.0000 mm, 93.7550 mm): Pad 1 [+3V3] of C48 on F.Cu
    @(110.6050 mm, 94.0900 mm): Pad 24 [+3V3] of U11 on F.Cu
[unconnected_items]: Missing connection between items
    Local override; Severity: error
    @(154.3650 mm, 138.5250 mm): PTH pad 11 [+3V3] of J8
    @(132.9375 mm, 140.9500 mm): Pad 1 [+3V3] of U5 on F.Cu
[unconnected_items]: Missing connection between items
    Local override; Severity: error
    @(164.6525 mm, 187.8500 mm): Pad 2 [+3V3] of D24 on F.Cu
    @(142.7800 mm, 184.6050 mm): Pad 1 [+3V3] of R70 on F.Cu
[unconnected_items]: Missing connection between items
    Local override; Severity: error
    @(271.1900 mm, 91.2500 mm): Pad 2 [+3V3] of U3 on F.Cu
    @(249.0750 mm, 91.0050 mm): Pad 1 [+3V3] of C21 on F.Cu
[unconnected_items]: Missing connection between items
    Local override; Severity: error
    @(253.2125 mm, 161.9000 mm): Pad 5 [+3V3] of U22 on F.Cu
    @(250.7675 mm, 186.9750 mm): Pad 1 [+3V3] of F9 on F.Cu
[unconnected_items]: Missing connection between items
    Local override; Severity: error
    @(156.2000 mm, 115.4962 mm): Pad 8 [+3V3] of U7 on F.Cu
    @(131.0000 mm, 93.7550 mm): Pad 1 [+3V3] of C48 on F.Cu
[unconnected_items]: Missing connection between items
    Local override; Severity: error
    @(122.3800 mm, 147.3050 mm): Pad 2 [/Power Supply/PWR_LED_A] of R14 on F.Cu
    @(129.8825 mm, 140.7950 mm): Pad 2 [/Power Supply/PWR_LED_A] of D5 on F.Cu
[unconnected_items]: Missing connection between items
    Local override; Severity: error
    @(272.7800 mm, 155.7950 mm): Pad B9 [VBUS_USB] of J3 on F.Cu
    @(272.7800 mm, 150.8950 mm): Pad A9 [VBUS_USB] of J3 on F.Cu
[unconnected_items]: Missing connection between items
    Local override; Severity: error
    @(253.2125 mm, 147.9000 mm): Pad 5 [VBUS_USB] of U4 on F.Cu
    @(253.5700 mm, 154.7750 mm): Pad 2 [VBUS_USB] of D6 on F.Cu
[unconnected_items]: Missing connection between items
    Local override; Severity: error
    @(272.7800 mm, 150.8950 mm): Pad A9 [VBUS_USB] of J3 on F.Cu
    @(263.9000 mm, 146.7550 mm): Pad 1 [VBUS_USB] of C25 on F.Cu
[unconnected_items]: Missing connection between items
    Local override; Severity: error
    @(263.9000 mm, 146.7550 mm): Pad 1 [VBUS_USB] of C25 on F.Cu
    @(253.2125 mm, 147.9000 mm): Pad 5 [VBUS_USB] of U4 on F.Cu
[unconnected_items]: Missing connection between items
    Local override; Severity: error
    @(236.7900 mm, 98.6050 mm): Pad 2 [/MCU, USB, Watchdog, RTC, UI/ESP_EN] of R15 on F.Cu
    @(239.2000 mm, 98.6050 mm): Pad 1 [/MCU, USB, Watchdog, RTC, UI/ESP_EN] of C24 on F.Cu
[unconnected_items]: Missing connection between items
    Local override; Severity: error
    @(236.7900 mm, 98.6050 mm): Pad 2 [/MCU, USB, Watchdog, RTC, UI/ESP_EN] of R15 on F.Cu
    @(235.0550 mm, 91.1750 mm): Pad 1 [/MCU, USB, Watchdog, RTC, UI/ESP_EN] of SW1 on F.Cu
[unconnected_items]: Missing connection between items
    Local override; Severity: error
    @(235.0550 mm, 91.1750 mm): Pad 1 [/MCU, USB, Watchdog, RTC, UI/ESP_EN] of SW1 on F.Cu
    @(227.0950 mm, 91.1750 mm): Pad 1 [/MCU, USB, Watchdog, RTC, UI/ESP_EN] of SW1 on F.Cu
[unconnected_items]: Missing connection between items
    Local override; Severity: error
    @(239.2000 mm, 98.6050 mm): Pad 1 [/MCU, USB, Watchdog, RTC, UI/ESP_EN] of C24 on F.Cu
    @(269.9200 mm, 91.2500 mm): Pad 3 [/MCU, USB, Watchdog, RTC, UI/ESP_EN] of U3 on F.Cu
[unconnected_items]: Missing connection between items
    Local override; Severity: error
    @(227.0950 mm, 91.1750 mm): Pad 1 [/MCU, USB, Watchdog, RTC, UI/ESP_EN] of SW1 on F.Cu
    @(139.4750 mm, 141.2750 mm): Pad 2 [/MCU, USB, Watchdog, RTC, UI/ESP_EN] of JP1 on F.Cu
[unconnected_items]: Missing connection between items
    Local override; Severity: error
    @(250.9375 mm, 160.9500 mm): Pad 1 [I2C_SDA] of U22 on F.Cu
    @(253.2125 mm, 160.9500 mm): Pad 6 [I2C_SDA] of U22 on F.Cu
[unconnected_items]: Missing connection between items
    Local override; Severity: error
    @(250.9375 mm, 160.9500 mm): Pad 1 [I2C_SDA] of U22 on F.Cu
    @(240.8250 mm, 147.4450 mm): PTH pad 4 [I2C_SDA] of J5
[unconnected_items]: Missing connection between items
    Local override; Severity: error
    @(248.8200 mm, 98.6050 mm): Pad 2 [I2C_SDA] of R17 on F.Cu
    @(268.6500 mm, 91.2500 mm): Pad 4 [I2C_SDA] of U3 on F.Cu
[unconnected_items]: Missing connection between items
    Local override; Severity: error
    @(156.2000 mm, 119.3062 mm): Pad 5 [I2C_SDA] of U7 on F.Cu
    @(176.6050 mm, 126.3600 mm): Pad 23 [I2C_SDA] of U8 on F.Cu
[unconnected_items]: Missing connection between items
    Local override; Severity: error
    @(156.2000 mm, 119.3062 mm): Pad 5 [I2C_SDA] of U7 on F.Cu
    @(154.3650 mm, 141.0650 mm): PTH pad 13 [I2C_SDA] of J8
[unconnected_items]: Missing connection between items
    Local override; Severity: error
    @(253.2125 mm, 160.9500 mm): Pad 6 [I2C_SDA] of U22 on F.Cu
    @(269.4750 mm, 176.2250 mm): PTH pad 2 [I2C_SDA] of J25
[unconnected_items]: Missing connection between items
    Local override; Severity: error
    @(154.3650 mm, 141.0650 mm): PTH pad 13 [I2C_SDA] of J8
    @(156.0250 mm, 165.3250 mm): Pad 9 [I2C_SDA] of U15 on F.Cu
[unconnected_items]: Missing connection between items
    Local override; Severity: error
    @(184.1500 mm, 95.2200 mm): Pad 7 [I2C_SDA] of U6 on F.Cu
    @(176.6050 mm, 126.3600 mm): Pad 23 [I2C_SDA] of U8 on F.Cu
[unconnected_items]: Missing connection between items
    Local override; Severity: error
    @(210.7100 mm, 172.4550 mm): Pad 3 [I2C_SDA] of U16 on F.Cu
    @(240.8250 mm, 147.4450 mm): PTH pad 4 [I2C_SDA] of J5
[unconnected_items]: Missing connection between items
    Local override; Severity: error
    @(248.8200 mm, 98.6050 mm): Pad 2 [I2C_SDA] of R17 on F.Cu
    @(240.8250 mm, 147.4450 mm): PTH pad 4 [I2C_SDA] of J5
[unconnected_items]: Missing connection between items
    Local override; Severity: error
    @(110.6050 mm, 95.3600 mm): Pad 23 [I2C_SDA] of U11 on F.Cu
    @(156.2000 mm, 119.3062 mm): Pad 5 [I2C_SDA] of U7 on F.Cu
[unconnected_items]: Missing connection between items
    Local override; Severity: error
    @(156.0250 mm, 165.3250 mm): Pad 9 [I2C_SDA] of U15 on F.Cu
    @(210.7100 mm, 172.4550 mm): Pad 3 [I2C_SDA] of U16 on F.Cu
[unconnected_items]: Missing connection between items
    Local override; Severity: error
    @(253.2125 mm, 162.8500 mm): Pad 4 [I2C_SCL] of U22 on F.Cu
    @(250.9375 mm, 162.8500 mm): Pad 3 [I2C_SCL] of U22 on F.Cu
[unconnected_items]: Missing connection between items
    Local override; Severity: error
    @(253.2125 mm, 162.8500 mm): Pad 4 [I2C_SCL] of U22 on F.Cu
    @(269.4750 mm, 171.1450 mm): PTH pad 3 [I2C_SCL] of J25
[unconnected_items]: Missing connection between items
    Local override; Severity: error
    @(250.9375 mm, 162.8500 mm): Pad 3 [I2C_SCL] of U22 on F.Cu
    @(240.8250 mm, 144.9050 mm): PTH pad 3 [I2C_SCL] of J5
[unconnected_items]: Missing connection between items
    Local override; Severity: error
    @(176.6050 mm, 127.6300 mm): Pad 22 [I2C_SCL] of U8 on F.Cu
    @(156.2000 mm, 118.0362 mm): Pad 6 [I2C_SCL] of U7 on F.Cu
[unconnected_items]: Missing connection between items
    Local override; Severity: error
    @(151.8250 mm, 141.0650 mm): PTH pad 14 [I2C_SCL] of J8
    @(156.2000 mm, 118.0362 mm): Pad 6 [I2C_SCL] of U7 on F.Cu
[unconnected_items]: Missing connection between items
    Local override; Severity: error
    @(156.0250 mm, 164.8250 mm): Pad 10 [I2C_SCL] of U15 on F.Cu
    @(151.8250 mm, 141.0650 mm): PTH pad 14 [I2C_SCL] of J8
[unconnected_items]: Missing connection between items
    Local override; Severity: error
    @(176.6050 mm, 127.6300 mm): Pad 22 [I2C_SCL] of U8 on F.Cu
    @(184.1500 mm, 93.9500 mm): Pad 8 [I2C_SCL] of U6 on F.Cu
[unconnected_items]: Missing connection between items
    Local override; Severity: error
    @(228.3300 mm, 101.6150 mm): Pad 2 [I2C_SCL] of R18 on F.Cu
    @(267.3800 mm, 91.2500 mm): Pad 5 [I2C_SCL] of U3 on F.Cu
[unconnected_items]: Missing connection between items
    Local override; Severity: error
    @(240.8250 mm, 144.9050 mm): PTH pad 3 [I2C_SCL] of J5
    @(210.7100 mm, 171.9550 mm): Pad 2 [I2C_SCL] of U16 on F.Cu
[unconnected_items]: Missing connection between items
    Local override; Severity: error
    @(184.1500 mm, 93.9500 mm): Pad 8 [I2C_SCL] of U6 on F.Cu
    @(228.3300 mm, 101.6150 mm): Pad 2 [I2C_SCL] of R18 on F.Cu
[unconnected_items]: Missing connection between items
    Local override; Severity: error
    @(228.3300 mm, 101.6150 mm): Pad 2 [I2C_SCL] of R18 on F.Cu
    @(240.8250 mm, 144.9050 mm): PTH pad 3 [I2C_SCL] of J5
[unconnected_items]: Missing connection between items
    Local override; Severity: error
    @(156.2000 mm, 118.0362 mm): Pad 6 [I2C_SCL] of U7 on F.Cu
    @(110.6050 mm, 96.6300 mm): Pad 22 [I2C_SCL] of U11 on F.Cu
[unconnected_items]: Missing connection between items
    Local override; Severity: error
    @(167.3050 mm, 125.0900 mm): Pad 1 [EXP_INT] of U8 on F.Cu
    @(189.9000 mm, 124.7550 mm): Pad 2 [EXP_INT] of R23 on F.Cu
[unconnected_items]: Missing connection between items
    Local override; Severity: error
    @(101.3050 mm, 94.0900 mm): Pad 1 [EXP_INT] of U11 on F.Cu
    @(167.3050 mm, 125.0900 mm): Pad 1 [EXP_INT] of U8 on F.Cu
[unconnected_items]: Missing connection between items
    Local override; Severity: error
    @(189.9000 mm, 124.7550 mm): Pad 2 [EXP_INT] of R23 on F.Cu
    @(266.1100 mm, 91.2500 mm): Pad 6 [EXP_INT] of U3 on F.Cu
[unconnected_items]: Missing connection between items
    Local override; Severity: error
    @(97.9400 mm, 184.6050 mm): Pad 2 [DI1] of R58 on F.Cu
    @(100.3500 mm, 184.6050 mm): Pad 1 [DI1] of C50 on F.Cu
[unconnected_items]: Missing connection between items
    Local override; Severity: error
    @(97.5750 mm, 172.9800 mm): Pad 16 [DI1] of U13 on F.Cu
    @(97.9400 mm, 184.6050 mm): Pad 2 [DI1] of R58 on F.Cu
[unconnected_items]: Missing connection between items
    Local override; Severity: error
    @(110.6050 mm, 108.0600 mm): Pad 13 [DI1] of U11 on F.Cu
    @(97.5750 mm, 172.9800 mm): Pad 16 [DI1] of U13 on F.Cu
[unconnected_items]: Missing connection between items
    Local override; Severity: error
    @(264.8400 mm, 91.2500 mm): Pad 7 [DI1] of U3 on F.Cu
    @(110.6050 mm, 108.0600 mm): Pad 13 [DI1] of U11 on F.Cu
[unconnected_items]: Missing connection between items
    Local override; Severity: error
    @(222.3400 mm, 90.7550 mm): Pad 2 [LORA_CS] of R41 on F.Cu
    @(209.2750 mm, 94.0250 mm): Pad 15 [LORA_CS] of U10 on F.Cu
[unconnected_items]: Missing connection between items
    Local override; Severity: error
    @(263.5700 mm, 91.2500 mm): Pad 8 [LORA_CS] of U3 on F.Cu
    @(222.3400 mm, 90.7550 mm): Pad 2 [LORA_CS] of R41 on F.Cu
[unconnected_items]: Missing connection between items
    Local override; Severity: error
    @(193.2750 mm, 100.0250 mm): Pad 5 [LORA_DIO0] of U10 on F.Cu
    @(262.3000 mm, 91.2500 mm): Pad 9 [LORA_DIO0] of U3 on F.Cu
[unconnected_items]: Missing connection between items
    Local override; Severity: error
    @(176.5200 mm, 142.1200 mm): Pad 2 [SD_CS] of J7 on F.Cu
    @(186.3300 mm, 144.7650 mm): Pad 2 [SD_CS] of R42 on F.Cu
[unconnected_items]: Missing connection between items
    Local override; Severity: error
    @(186.3300 mm, 144.7650 mm): Pad 2 [SD_CS] of R42 on F.Cu
    @(261.0300 mm, 91.2500 mm): Pad 10 [SD_CS] of U3 on F.Cu
[unconnected_items]: Missing connection between items
    Local override; Severity: error
    @(250.6800 mm, 189.7050 mm): Pad 1 [ONEWIRE] of R104 on F.Cu
    @(261.0350 mm, 186.7550 mm): Pad 2 [ONEWIRE] of R103 on F.Cu
[unconnected_items]: Missing connection between items
    Local override; Severity: error
    @(261.0350 mm, 186.7550 mm): Pad 2 [ONEWIRE] of R103 on F.Cu
    @(259.7600 mm, 91.2500 mm): Pad 11 [ONEWIRE] of U3 on F.Cu
[unconnected_items]: Missing connection between items
    Local override; Severity: error
    @(105.9600 mm, 184.6050 mm): Pad 2 [DI2] of R60 on F.Cu
    @(108.3700 mm, 184.6050 mm): Pad 1 [DI2] of C51 on F.Cu
[unconnected_items]: Missing connection between items
    Local override; Severity: error
    @(97.5750 mm, 175.5200 mm): Pad 14 [DI2] of U13 on F.Cu
    @(105.9600 mm, 184.6050 mm): Pad 2 [DI2] of R60 on F.Cu
[unconnected_items]: Missing connection between items
    Local override; Severity: error
    @(110.6050 mm, 106.7900 mm): Pad 14 [DI2] of U11 on F.Cu
    @(97.5750 mm, 175.5200 mm): Pad 14 [DI2] of U13 on F.Cu
[unconnected_items]: Missing connection between items
    Local override; Severity: error
    @(258.4900 mm, 91.2500 mm): Pad 12 [DI2] of U3 on F.Cu
    @(110.6050 mm, 106.7900 mm): Pad 14 [DI2] of U11 on F.Cu
[unconnected_items]: Missing connection between items
    Local override; Severity: error
    @(272.7800 mm, 154.0950 mm): Pad B7 [/MCU, USB, Watchdog, RTC, UI/USB_DN] of J3 on F.Cu
    @(272.7800 mm, 153.0950 mm): Pad A7 [/MCU, USB, Watchdog, RTC, UI/USB_DN] of J3 on F.Cu
[unconnected_items]: Missing connection between items
    Local override; Severity: error
    @(253.2125 mm, 148.8500 mm): Pad 4 [/MCU, USB, Watchdog, RTC, UI/USB_DN] of U4 on F.Cu
    @(250.9375 mm, 148.8500 mm): Pad 3 [/MCU, USB, Watchdog, RTC, UI/USB_DN] of U4 on F.Cu
[unconnected_items]: Missing connection between items
    Local override; Severity: error
    @(272.7800 mm, 153.0950 mm): Pad A7 [/MCU, USB, Watchdog, RTC, UI/USB_DN] of J3 on F.Cu
    @(253.2125 mm, 148.8500 mm): Pad 4 [/MCU, USB, Watchdog, RTC, UI/USB_DN] of U4 on F.Cu
[unconnected_items]: Missing connection between items
    Local override; Severity: error
    @(253.2125 mm, 148.8500 mm): Pad 4 [/MCU, USB, Watchdog, RTC, UI/USB_DN] of U4 on F.Cu
    @(257.2200 mm, 91.2500 mm): Pad 13 [/MCU, USB, Watchdog, RTC, UI/USB_DN] of U3 on F.Cu
[unconnected_items]: Missing connection between items
    Local override; Severity: error
    @(272.7800 mm, 153.5950 mm): Pad A6 [/MCU, USB, Watchdog, RTC, UI/USB_DP] of J3 on F.Cu
    @(272.7800 mm, 152.5950 mm): Pad B6 [/MCU, USB, Watchdog, RTC, UI/USB_DP] of J3 on F.Cu
[unconnected_items]: Missing connection between items
    Local override; Severity: error
    @(253.2125 mm, 146.9500 mm): Pad 6 [/MCU, USB, Watchdog, RTC, UI/USB_DP] of U4 on F.Cu
    @(250.9375 mm, 146.9500 mm): Pad 1 [/MCU, USB, Watchdog, RTC, UI/USB_DP] of U4 on F.Cu
[unconnected_items]: Missing connection between items
    Local override; Severity: error
    @(272.7800 mm, 152.5950 mm): Pad B6 [/MCU, USB, Watchdog, RTC, UI/USB_DP] of J3 on F.Cu
    @(253.2125 mm, 146.9500 mm): Pad 6 [/MCU, USB, Watchdog, RTC, UI/USB_DP] of U4 on F.Cu
[unconnected_items]: Missing connection between items
    Local override; Severity: error
    @(253.2125 mm, 146.9500 mm): Pad 6 [/MCU, USB, Watchdog, RTC, UI/USB_DP] of U4 on F.Cu
    @(255.9500 mm, 91.2500 mm): Pad 14 [/MCU, USB, Watchdog, RTC, UI/USB_DP] of U3 on F.Cu
[unconnected_items]: Missing connection between items
    Local override; Severity: error
    @(222.8675 mm, 196.5050 mm): Pad 2 [OUT3_CTL] of U20 on F.Cu
    @(222.6100 mm, 199.9850 mm): Pad 1 [OUT3_CTL] of R97 on F.Cu
[unconnected_items]: Missing connection between items
    Local override; Severity: error
    @(254.7000 mm, 93.0150 mm): Pad 15 [OUT3_CTL] of U3 on F.Cu
    @(222.8675 mm, 196.5050 mm): Pad 2 [OUT3_CTL] of U20 on F.Cu
[unconnected_items]: Missing connection between items
    Local override; Severity: error
    @(227.5450 mm, 152.3050 mm): Pad 1 [/MCU, USB, Watchdog, RTC, UI/LED_STATUS] of R27 on F.Cu
    @(254.7000 mm, 94.2850 mm): Pad 16 [/MCU, USB, Watchdog, RTC, UI/LED_STATUS] of U3 on F.Cu
[unconnected_items]: Missing connection between items
    Local override; Severity: error
    @(209.2750 mm, 100.0250 mm): Pad 12 [SPI_SCK] of U10 on F.Cu
    @(201.3375 mm, 120.9250 mm): Pad 33 [SPI_SCK] of U9 on F.Cu
[unconnected_items]: Missing connection between items
    Local override; Severity: error
    @(173.2200 mm, 142.1200 mm): Pad 5 [SPI_SCK] of J7 on F.Cu
    @(201.3375 mm, 120.9250 mm): Pad 33 [SPI_SCK] of U9 on F.Cu
[unconnected_items]: Missing connection between items
    Local override; Severity: error
    @(254.7000 mm, 95.5550 mm): Pad 17 [SPI_SCK] of U3 on F.Cu
    @(209.2750 mm, 100.0250 mm): Pad 12 [SPI_SCK] of U10 on F.Cu
[unconnected_items]: Missing connection between items
    Local override; Severity: error
    @(209.2750 mm, 96.0250 mm): Pad 14 [SPI_MOSI] of U10 on F.Cu
    @(201.3375 mm, 119.9250 mm): Pad 35 [SPI_MOSI] of U9 on F.Cu
[unconnected_items]: Missing connection between items
    Local override; Severity: error
    @(175.4200 mm, 142.1200 mm): Pad 3 [SPI_MOSI] of J7 on F.Cu
    @(201.3375 mm, 119.9250 mm): Pad 35 [SPI_MOSI] of U9 on F.Cu
[unconnected_items]: Missing connection between items
    Local override; Severity: error
    @(254.7000 mm, 96.8250 mm): Pad 18 [SPI_MOSI] of U3 on F.Cu
    @(209.2750 mm, 96.0250 mm): Pad 14 [SPI_MOSI] of U10 on F.Cu
[unconnected_items]: Missing connection between items
    Local override; Severity: error
    @(171.0200 mm, 142.1200 mm): Pad 7 [SPI_MISO] of J7 on F.Cu
    @(186.3300 mm, 147.2750 mm): Pad 2 [SPI_MISO] of R43 on F.Cu
[unconnected_items]: Missing connection between items
    Local override; Severity: error
    @(201.3375 mm, 120.4250 mm): Pad 34 [SPI_MISO] of U9 on F.Cu
    @(209.2750 mm, 98.0250 mm): Pad 13 [SPI_MISO] of U10 on F.Cu
[unconnected_items]: Missing connection between items
    Local override; Severity: error
    @(186.3300 mm, 147.2750 mm): Pad 2 [SPI_MISO] of R43 on F.Cu
    @(201.3375 mm, 120.4250 mm): Pad 34 [SPI_MISO] of U9 on F.Cu
[unconnected_items]: Missing connection between items
    Local override; Severity: error
    @(254.7000 mm, 98.0950 mm): Pad 19 [SPI_MISO] of U3 on F.Cu
    @(209.2750 mm, 98.0250 mm): Pad 13 [SPI_MISO] of U10 on F.Cu
[unconnected_items]: Missing connection between items
    Local override; Severity: error
    @(201.3375 mm, 121.4250 mm): Pad 32 [ETH_CS] of U9 on F.Cu
    @(254.7000 mm, 99.3650 mm): Pad 20 [ETH_CS] of U3 on F.Cu
[unconnected_items]: Missing connection between items
    Local override; Severity: error
    @(201.3375 mm, 119.4250 mm): Pad 36 [ETH_INT] of U9 on F.Cu
    @(206.3600 mm, 129.1050 mm): Pad 2 [ETH_INT] of R34 on F.Cu
[unconnected_items]: Missing connection between items
    Local override; Severity: error
    @(206.3600 mm, 129.1050 mm): Pad 2 [ETH_INT] of R34 on F.Cu
    @(254.7000 mm, 100.6350 mm): Pad 21 [ETH_INT] of U3 on F.Cu
[unconnected_items]: Missing connection between items
    Local override; Severity: error
    @(135.2125 mm, 142.8500 mm): Pad 4 [/MCU, USB, Watchdog, RTC, UI/WDT_DONE] of U5 on F.Cu
    @(254.7000 mm, 101.9050 mm): Pad 22 [/MCU, USB, Watchdog, RTC, UI/WDT_DONE] of U3 on F.Cu
[unconnected_items]: Missing connection between items
    Local override; Severity: error
    @(222.8675 mm, 174.5050 mm): Pad 2 [OUT1_CTL] of U18 on F.Cu
    @(222.6100 mm, 177.9850 mm): Pad 1 [OUT1_CTL] of R91 on F.Cu
[unconnected_items]: Missing connection between items
    Local override; Severity: error
    @(254.7000 mm, 103.1750 mm): Pad 23 [OUT1_CTL] of U3 on F.Cu
    @(222.8675 mm, 174.5050 mm): Pad 2 [OUT1_CTL] of U18 on F.Cu
[unconnected_items]: Missing connection between items
    Local override; Severity: error
    @(81.1050 mm, 176.0400 mm): Pad 6 [RS485B_DE] of U24 on F.Cu
    @(81.1050 mm, 177.3100 mm): Pad 5 [RS485B_DE] of U24 on F.Cu
[unconnected_items]: Missing connection between items
    Local override; Severity: error
    @(84.1800 mm, 166.7550 mm): Pad 1 [RS485B_DE] of R109 on F.Cu
    @(81.1050 mm, 176.0400 mm): Pad 6 [RS485B_DE] of U24 on F.Cu
[unconnected_items]: Missing connection between items
    Local override; Severity: error
    @(254.7000 mm, 104.4450 mm): Pad 24 [RS485B_DE] of U3 on F.Cu
    @(84.1800 mm, 166.7550 mm): Pad 1 [RS485B_DE] of R109 on F.Cu
[unconnected_items]: Missing connection between items
    Local override; Severity: error
    @(235.9025 mm, 174.5050 mm): Pad 2 [OUT2_CTL] of U19 on F.Cu
    @(235.6450 mm, 177.9850 mm): Pad 1 [OUT2_CTL] of R94 on F.Cu
[unconnected_items]: Missing connection between items
    Local override; Severity: error
    @(254.7000 mm, 105.7150 mm): Pad 25 [OUT2_CTL] of U3 on F.Cu
    @(235.9025 mm, 174.5050 mm): Pad 2 [OUT2_CTL] of U19 on F.Cu
[unconnected_items]: Missing connection between items
    Local override; Severity: error
    @(235.9025 mm, 196.5050 mm): Pad 2 [OUT4_CTL] of U21 on F.Cu
    @(235.6450 mm, 199.9850 mm): Pad 1 [OUT4_CTL] of R100 on F.Cu
[unconnected_items]: Missing connection between items
    Local override; Severity: error
    @(254.7000 mm, 106.9850 mm): Pad 26 [OUT4_CTL] of U3 on F.Cu
    @(235.9025 mm, 196.5050 mm): Pad 2 [OUT4_CTL] of U21 on F.Cu
[unconnected_items]: Missing connection between items
    Local override; Severity: error
    @(244.8100 mm, 98.6050 mm): Pad 2 [/MCU, USB, Watchdog, RTC, UI/BOOT_BTN] of R16 on F.Cu
    @(246.2050 mm, 91.1750 mm): Pad 1 [/MCU, USB, Watchdog, RTC, UI/BOOT_BTN] of SW2 on F.Cu
[unconnected_items]: Missing connection between items
    Local override; Severity: error
    @(246.2050 mm, 91.1750 mm): Pad 1 [/MCU, USB, Watchdog, RTC, UI/BOOT_BTN] of SW2 on F.Cu
    @(238.2450 mm, 91.1750 mm): Pad 1 [/MCU, USB, Watchdog, RTC, UI/BOOT_BTN] of SW2 on F.Cu
[unconnected_items]: Missing connection between items
    Local override; Severity: error
    @(244.8100 mm, 98.6050 mm): Pad 2 [/MCU, USB, Watchdog, RTC, UI/BOOT_BTN] of R16 on F.Cu
    @(255.9500 mm, 108.7500 mm): Pad 27 [/MCU, USB, Watchdog, RTC, UI/BOOT_BTN] of U3 on F.Cu
[unconnected_items]: Missing connection between items
    Local override; Severity: error
    @(135.2125 mm, 141.9000 mm): Pad 5 [/MCU, USB, Watchdog, RTC, UI/WDT_WAKE] of U5 on F.Cu
    @(257.2200 mm, 108.7500 mm): Pad 28 [/MCU, USB, Watchdog, RTC, UI/WDT_WAKE] of U3 on F.Cu
[unconnected_items]: Missing connection between items
    Local override; Severity: error
    @(151.8250 mm, 135.9850 mm): PTH pad 10 [MODEM_RI] of J8
    @(160.3500 mm, 157.2050 mm): Pad 2 [MODEM_RI] of R48 on F.Cu
[unconnected_items]: Missing connection between items
    Local override; Severity: error
    @(160.3500 mm, 157.2050 mm): Pad 2 [MODEM_RI] of R48 on F.Cu
    @(258.4900 mm, 108.7500 mm): Pad 29 [MODEM_RI] of U3 on F.Cu
[unconnected_items]: Missing connection between items
    Local override; Severity: error
    @(239.5750 mm, 152.3050 mm): Pad 1 [/MCU, USB, Watchdog, RTC, UI/BUZZER_CTL] of R30 on F.Cu
    @(259.7600 mm, 108.7500 mm): Pad 30 [/MCU, USB, Watchdog, RTC, UI/BUZZER_CTL] of U3 on F.Cu
[unconnected_items]: Missing connection between items
    Local override; Severity: error
    @(56.2500 mm, 145.7600 mm): Pad 4 [RS485A_TX] of U23 on F.Cu
    @(261.0300 mm, 108.7500 mm): Pad 31 [RS485A_TX] of U3 on F.Cu
[unconnected_items]: Missing connection between items
    Local override; Severity: error
    @(56.2500 mm, 141.9500 mm): Pad 1 [RS485A_RX] of U23 on F.Cu
    @(262.3000 mm, 108.7500 mm): Pad 32 [RS485A_RX] of U3 on F.Cu
[unconnected_items]: Missing connection between items
    Local override; Severity: error
    @(56.2500 mm, 143.2200 mm): Pad 2 [RS485A_DE] of U23 on F.Cu
    @(56.2500 mm, 144.4900 mm): Pad 3 [RS485A_DE] of U23 on F.Cu
[unconnected_items]: Missing connection between items
    Local override; Severity: error
    @(82.0900 mm, 141.7550 mm): Pad 1 [RS485A_DE] of R105 on F.Cu
    @(56.2500 mm, 143.2200 mm): Pad 2 [RS485A_DE] of U23 on F.Cu
[unconnected_items]: Missing connection between items
    Local override; Severity: error
    @(82.0900 mm, 141.7550 mm): Pad 1 [RS485A_DE] of R105 on F.Cu
    @(263.5700 mm, 108.7500 mm): Pad 33 [RS485A_DE] of U3 on F.Cu
[unconnected_items]: Missing connection between items
    Local override; Severity: error
    @(81.1050 mm, 174.7700 mm): Pad 7 [RS485B_TX] of U24 on F.Cu
    @(264.8400 mm, 108.7500 mm): Pad 34 [RS485B_TX] of U3 on F.Cu
[unconnected_items]: Missing connection between items
    Local override; Severity: error
    @(81.1050 mm, 178.5800 mm): Pad 4 [RS485B_RX] of U24 on F.Cu
    @(266.1100 mm, 108.7500 mm): Pad 35 [RS485B_RX] of U3 on F.Cu
[unconnected_items]: Missing connection between items
    Local override; Severity: error
    @(151.8250 mm, 130.9050 mm): PTH pad 6 [MODEM_RXD] of J8
    @(267.3800 mm, 108.7500 mm): Pad 36 [MODEM_RXD] of U3 on F.Cu
[unconnected_items]: Missing connection between items
    Local override; Severity: error
    @(154.3650 mm, 130.9050 mm): PTH pad 5 [MODEM_TXD] of J8
    @(268.6500 mm, 108.7500 mm): Pad 37 [MODEM_TXD] of U3 on F.Cu
[unconnected_items]: Missing connection between items
    Local override; Severity: error
    @(255.8300 mm, 146.7550 mm): Pad 1 [/MCU, USB, Watchdog, RTC, UI/USB_CC1] of R19 on F.Cu
    @(272.7800 mm, 154.5950 mm): Pad A5 [/MCU, USB, Watchdog, RTC, UI/USB_CC1] of J3 on F.Cu
[unconnected_items]: Missing connection between items
    Local override; Severity: error
    @(259.8400 mm, 146.7550 mm): Pad 1 [/MCU, USB, Watchdog, RTC, UI/USB_CC2] of R20 on F.Cu
    @(272.7800 mm, 151.5950 mm): Pad B5 [/MCU, USB, Watchdog, RTC, UI/USB_CC2] of J3 on F.Cu
[unconnected_items]: Missing connection between items
    Local override; Severity: error
    @(132.9375 mm, 142.8500 mm): Pad 3 [/MCU, USB, Watchdog, RTC, UI/WDT_DELAY] of U5 on F.Cu
    @(142.1800 mm, 140.7550 mm): Pad 1 [/MCU, USB, Watchdog, RTC, UI/WDT_DELAY] of R21 on F.Cu
[unconnected_items]: Missing connection between items
    Local override; Severity: error
    @(135.2125 mm, 140.9500 mm): Pad 6 [/MCU, USB, Watchdog, RTC, UI/WDT_RST] of U5 on F.Cu
    @(138.1750 mm, 141.2750 mm): Pad 1 [/MCU, USB, Watchdog, RTC, UI/WDT_RST] of JP1 on F.Cu
[unconnected_items]: Missing connection between items
    Local override; Severity: error
    @(160.7800 mm, 115.3012 mm): Pad 2 [/MCU, USB, Watchdog, RTC, UI/RTC_INT] of R22 on F.Cu
    @(176.6050 mm, 135.2500 mm): Pad 16 [/MCU, USB, Watchdog, RTC, UI/RTC_INT] of U8 on F.Cu
[unconnected_items]: Missing connection between items
    Local override; Severity: error
    @(179.2000 mm, 96.4900 mm): Pad 3 [/MCU, USB, Watchdog, RTC, UI/RTC_INT] of U6 on F.Cu
    @(160.7800 mm, 115.3012 mm): Pad 2 [/MCU, USB, Watchdog, RTC, UI/RTC_INT] of R22 on F.Cu
[unconnected_items]: Missing connection between items
    Local override; Severity: error
    @(175.3800 mm, 103.2731 mm): Pad 1 [/MCU, USB, Watchdog, RTC, UI/RTC_VBAT] of BT1 on F.Cu
    @(184.1500 mm, 96.4900 mm): Pad 6 [/MCU, USB, Watchdog, RTC, UI/RTC_VBAT] of U6 on F.Cu
[unconnected_items]: Missing connection between items
    Local override; Severity: error
    @(151.5700 mm, 103.2731 mm): Pad 1 [/MCU, USB, Watchdog, RTC, UI/RTC_VBAT] of BT1 on F.Cu
    @(175.3800 mm, 103.2731 mm): Pad 1 [/MCU, USB, Watchdog, RTC, UI/RTC_VBAT] of BT1 on F.Cu
[unconnected_items]: Missing connection between items
    Local override; Severity: error
    @(202.3500 mm, 129.1050 mm): Pad 2 [ETH_RST] of R33 on F.Cu
    @(199.9250 mm, 118.0125 mm): Pad 37 [ETH_RST] of U9 on F.Cu

** Found 0 Footprint errors **

** End of Report **
